վ��,time,PM2.5,PM10,NO2,temperature,humidity
΢վ2,2022/9/30 0:00,3,8,27,22.1,75
΢վ2,2022/9/30 1:00,3,8,27,22,78
΢վ2,2022/9/30 2:00,3,8,26,21.9,79
΢վ2,2022/9/30 3:00,3,8,25,21.9,79
΢վ2,2022/9/30 4:00,3,8,24,21.8,78
΢վ2,2022/9/30 5:00,3,8,26,21.6,79
΢վ2,2022/9/30 6:00,3,8,25,22.4,75
΢վ2,2022/9/30 7:00,3,8,19,24.2,66
΢վ2,2022/9/30 8:00,3,8,13,26.2,59
΢վ2,2022/9/30 9:00,3,8,16,26.4,58
΢վ2,2022/9/30 10:00,3,8,15,27.2,55
΢վ2,2022/9/30 11:00,3,8,18,27.4,53
΢վ2,2022/9/30 12:00,3,8,17,27.7,50
΢վ2,2022/9/30 13:00,3,8,21,28.2,46
΢վ2,2022/9/30 14:00,3,8,23,27.7,49
΢վ2,2022/9/30 15:00,3,8,29,26.7,55
΢վ2,2022/9/30 16:00,8,24,34,25.6,60
΢վ2,2022/9/30 17:00,10,27,33,24,67
΢վ2,2022/9/30 18:00,11,27,33,23.1,71
΢վ2,2022/9/30 19:00,11,25,31,22.8,73
΢վ2,2022/9/30 20:00,12,25,29,22.7,74
΢վ2,2022/9/30 21:00,12,27,28,22.6,76
΢վ2,2022/9/30 22:00,11,24,26,22.5,75
΢վ2,2022/9/30 23:00,12,25,27,22.3,76
΢վ2,2022/10/1 0:00,13,28,27,22,77
΢վ2,2022/10/1 1:00,14,29,26,22,77
΢վ2,2022/10/1 2:00,12,25,22,22.4,74
΢վ2,2022/10/1 3:00,11,24,24,22.3,74
΢վ2,2022/10/1 4:00,14,30,27,21.7,76
΢վ2,2022/10/1 5:00,16,34,27,21.3,78
΢վ2,2022/10/1 6:00,17,41,26,21.7,76
΢վ2,2022/10/1 7:00,13,32,24,23.6,72
΢վ2,2022/10/1 8:00,13,31,22,24,72
΢վ2,2022/10/1 9:00,12,28,21,24.8,69
΢վ2,2022/10/1 10:00,12,27,20,25,68
΢վ2,2022/10/1 11:00,13,29,25,24.7,69
΢վ2,2022/10/1 12:00,11,25,20,25.6,65
΢վ2,2022/10/1 13:00,11,27,23,25.4,65
΢վ2,2022/10/1 14:00,12,28,24,25.1,66
΢վ2,2022/10/1 15:00,12,31,25,24.9,67
΢վ2,2022/10/1 16:00,12,28,26,24.3,70
΢վ2,2022/10/1 17:00,12,26,26,23.6,71
΢վ2,2022/10/1 18:00,12,26,27,23.4,71
΢վ2,2022/10/1 19:00,11,25,26,23.4,72
΢վ2,2022/10/1 20:00,10,23,24,23.7,70
΢վ2,2022/10/1 21:00,13,29,24,23.9,70
΢վ2,2022/10/1 22:00,18,39,28,23.8,72
΢վ2,2022/10/1 23:00,18,38,28,23.7,77
΢վ2,2022/10/2 0:00,20,40,29,23.9,79
΢վ2,2022/10/2 1:00,20,40,29,23.9,81
΢վ2,2022/10/2 2:00,15,31,24,24.4,80
΢վ2,2022/10/2 3:00,10,21,28,24.3,82
΢վ2,2022/10/2 4:00,19,37,29,24.3,83
΢վ2,2022/10/2 5:00,22,57,29,24.3,86
΢վ2,2022/10/2 6:00,16,37,31,24.1,88
΢վ2,2022/10/2 7:00,13,29,29,24.2,88
΢վ2,2022/10/2 8:00,17,36,29,24.4,88
΢վ2,2022/10/2 9:00,44,92,28,25,87
΢վ2,2022/10/2 10:00,59,127,26,25.3,86
΢վ2,2022/10/2 11:00,53,112,24,25.4,86
΢վ2,2022/10/2 12:00,16,35,25,25,84
΢վ2,2022/10/2 13:00,16,35,30,24.5,86
΢վ2,2022/10/2 14:00,15,34,26,24.2,86
΢վ2,2022/10/2 15:00,15,38,27,24.2,85
΢վ2,2022/10/2 16:00,18,42,27,24.5,84
΢վ2,2022/10/2 17:00,22,47,28,24.4,85
΢վ2,2022/10/2 18:00,24,52,29,24.7,84
΢վ2,2022/10/2 19:00,30,61,27,24.4,85
΢վ2,2022/10/2 20:00,24,51,27,24.5,85
΢վ2,2022/10/2 21:00,20,44,25,24.4,85
΢վ2,2022/10/2 22:00,25,52,27,24,85
΢վ2,2022/10/2 23:00,34,70,25,23.8,86
΢վ2,2022/10/3 0:00,38,81,27,23.5,88
΢վ2,2022/10/3 1:00,62,122,28,23.1,89
΢վ2,2022/10/3 2:00,72,140,27,23.2,89
΢վ2,2022/10/3 3:00,69,134,26,23.3,88
΢վ2,2022/10/3 4:00,50,98,25,23.2,88
΢վ2,2022/10/3 5:00,52,101,27,23,89
΢վ2,2022/10/3 6:00,60,122,27,23.1,90
΢վ2,2022/10/3 7:00,41,79,30,23.2,89
΢վ2,2022/10/3 8:00,21,41,38,25.5,83
΢վ2,2022/10/3 9:00,15,31,11,26.7,78
΢վ2,2022/10/3 10:00,24,49,21,26.9,77
΢վ2,2022/10/3 11:00,24,50,28,26.9,78
΢վ2,2022/10/3 12:00,25,51,18,27.9,74
΢վ2,2022/10/3 13:00,20,42,26,24.5,84
΢վ2,2022/10/3 14:00,5,14,36,23.2,83
΢վ2,2022/10/3 15:00,6,16,22,23.1,83
΢վ2,2022/10/3 16:00,7,18,23,22.2,83
΢վ2,2022/10/3 17:00,7,16,23,21.2,82
΢վ2,2022/10/3 18:00,7,18,21,18.5,86
΢վ2,2022/10/3 19:00,4,12,27,16.1,88
΢վ2,2022/10/3 20:00,4,10,25,15.5,86
΢վ2,2022/10/3 21:00,5,12,25,15.4,86
΢վ2,2022/10/3 22:00,9,22,23,14.8,85
΢վ2,2022/10/3 23:00,10,23,25,14.7,85
΢վ2,2022/10/4 0:00,15,36,20,14.1,82
΢վ2,2022/10/4 1:00,17,48,19,13.9,75
΢վ2,2022/10/4 2:00,18,51,20,13.8,70
΢վ2,2022/10/4 3:00,17,49,20,13.7,65
΢վ2,2022/10/4 4:00,16,48,23,13.6,66
΢վ2,2022/10/4 5:00,15,45,21,13.2,64
΢վ2,2022/10/4 6:00,15,45,23,13.1,63
΢վ2,2022/10/4 7:00,14,46,19,13.4,58
΢վ2,2022/10/4 8:00,13,44,21,14,55
΢վ2,2022/10/4 9:00,11,42,19,14.9,51
΢վ2,2022/10/4 10:00,10,37,16,16.3,46
΢վ2,2022/10/4 11:00,10,36,19,15.8,48
΢վ2,2022/10/4 12:00,10,34,21,15.4,47
΢վ2,2022/10/4 13:00,10,34,22,15.2,46
΢վ2,2022/10/4 14:00,10,35,22,14.6,48
΢վ2,2022/10/4 15:00,9,30,23,14.2,48
΢վ2,2022/10/4 16:00,9,30,25,13.9,50
΢վ2,2022/10/4 17:00,10,31,25,13,53
΢վ2,2022/10/4 18:00,10,32,25,12.5,53
΢վ2,2022/10/4 19:00,10,32,25,12.5,54
΢վ2,2022/10/4 20:00,11,33,25,12.5,55
΢վ2,2022/10/4 21:00,10,30,23,12.5,54
΢վ2,2022/10/4 22:00,9,28,25,12.3,55
΢վ2,2022/10/4 23:00,9,28,25,12.1,57
΢վ2,2022/10/5 0:00,8,27,24,12.1,55
΢վ2,2022/10/5 1:00,7,25,25,12,54
΢վ2,2022/10/5 2:00,11,31,25,11.8,56
΢վ2,2022/10/5 3:00,9,28,26,11.4,60
΢վ2,2022/10/5 4:00,9,33,27,10.7,63
΢վ2,2022/10/5 5:00,19,54,28,10.3,65
΢վ2,2022/10/5 6:00,17,55,28,10.9,64
΢վ2,2022/10/5 7:00,10,36,18,13.2,52
΢վ2,2022/10/5 8:00,6,21,12,14.4,40
΢վ2,2022/10/5 9:00,6,19,17,15.7,36
΢վ2,2022/10/5 10:00,6,18,17,16.7,33
΢վ2,2022/10/5 11:00,6,17,19,17.9,31
΢վ2,2022/10/5 12:00,5,16,18,18.7,30
΢վ2,2022/10/5 13:00,6,16,20,19.5,30
΢վ2,2022/10/5 14:00,6,17,24,17.7,35
΢վ2,2022/10/5 15:00,6,19,26,17,38
΢վ2,2022/10/5 16:00,8,26,27,16.1,40
΢վ2,2022/10/5 17:00,8,27,27,15.2,46
΢վ2,2022/10/5 18:00,8,24,25,14.5,48
΢վ2,2022/10/5 19:00,9,24,26,14.3,49
΢վ2,2022/10/5 20:00,10,27,26,14.1,52
΢վ2,2022/10/5 21:00,8,22,24,14,51
΢վ2,2022/10/5 22:00,9,22,25,13.9,51
΢վ2,2022/10/5 23:00,10,24,24,13.8,51
΢վ2,2022/10/6 0:00,10,25,25,13.6,52
΢վ2,2022/10/6 1:00,10,24,26,13.4,53
΢վ2,2022/10/6 2:00,14,34,27,13.2,57
΢վ2,2022/10/6 3:00,18,46,28,12.2,61
΢վ2,2022/10/6 4:00,21,50,33,11.2,69
΢վ2,2022/10/6 5:00,25,60,28,11,68
΢վ2,2022/10/6 6:00,24,60,26,11.6,62
΢վ2,2022/10/6 7:00,11,34,20,14.5,47
΢վ2,2022/10/6 8:00,9,31,15,16.8,38
΢վ2,2022/10/6 9:00,7,23,13,17.5,33
΢վ2,2022/10/6 10:00,8,23,19,18.1,31
΢վ2,2022/10/6 11:00,8,21,21,18.1,30
΢վ2,2022/10/6 12:00,8,23,19,18,29
΢վ2,2022/10/6 13:00,8,23,21,18.2,28
΢վ2,2022/10/6 14:00,8,25,24,17.5,30
΢վ2,2022/10/6 15:00,8,28,24,17.3,32
΢վ2,2022/10/6 16:00,9,30,25,16.8,35
΢վ2,2022/10/6 17:00,14,44,34,16,45
΢վ2,2022/10/6 18:00,20,55,29,15.7,50
΢վ2,2022/10/6 19:00,26,61,29,15.7,52
΢վ2,2022/10/6 20:00,31,71,26,15.4,54
΢վ2,2022/10/6 21:00,26,64,28,15.1,52
΢վ2,2022/10/6 22:00,18,54,33,14.2,62
΢վ2,2022/10/6 23:00,18,52,33,13,74
΢վ2,2022/10/7 0:00,12,32,27,12,73
΢վ2,2022/10/7 1:00,11,29,30,11.1,77
΢վ2,2022/10/7 2:00,11,27,29,10.5,80
΢վ2,2022/10/7 3:00,13,29,27,9.7,81
΢վ2,2022/10/7 4:00,19,41,26,9.7,77
΢վ2,2022/10/7 5:00,15,42,29,9.5,82
΢վ2,2022/10/7 6:00,19,47,31,9.9,76
΢վ2,2022/10/7 7:00,33,81,23,14.1,62
΢վ2,2022/10/7 8:00,48,106,13,16.7,49
΢վ2,2022/10/7 9:00,45,97,11,19.2,40
΢վ2,2022/10/7 10:00,35,72,13,21,31
΢վ2,2022/10/7 11:00,33,68,16,22.4,28
΢վ2,2022/10/7 12:00,33,68,17,23.3,25
΢վ2,2022/10/7 13:00,33,70,20,21.8,28
΢վ2,2022/10/7 14:00,30,67,23,20.5,31
΢վ2,2022/10/7 15:00,30,68,25,20.3,30
΢վ2,2022/10/7 16:00,35,81,26,20.1,32
΢վ2,2022/10/7 17:00,44,104,31,17.8,40
΢վ2,2022/10/7 18:00,49,120,37,16.5,50
΢վ2,2022/10/7 19:00,49,109,36,15.2,56
΢վ2,2022/10/7 20:00,54,122,35,13.8,64
΢վ2,2022/10/7 21:00,48,105,33,13.1,67
΢վ2,2022/10/7 22:00,46,99,30,12.6,69
΢վ2,2022/10/7 23:00,47,98,30,12.6,71
΢վ2,2022/10/8 0:00,47,97,28,12.3,72
΢վ2,2022/10/8 1:00,47,94,28,12,74
΢վ2,2022/10/8 2:00,50,99,28,12,74
΢վ2,2022/10/8 3:00,56,110,28,11.7,76
΢վ2,2022/10/8 4:00,61,120,27,11.9,76
΢վ2,2022/10/8 5:00,66,130,28,11.7,77
΢վ2,2022/10/8 6:00,72,150,33,12.2,77
΢վ2,2022/10/8 7:00,68,146,25,15.7,66
΢վ2,2022/10/8 8:00,63,135,14,19.4,52
΢վ2,2022/10/8 9:00,53,112,15,19.3,46
΢վ2,2022/10/8 10:00,43,89,17,20.4,41
΢վ2,2022/10/8 11:00,36,75,17,21.2,38
΢վ2,2022/10/8 12:00,36,73,20,21.1,38
΢վ2,2022/10/8 13:00,37,74,24,21.3,41
΢վ2,2022/10/8 14:00,36,74,23,21,44
΢վ2,2022/10/8 15:00,26,55,23,19.8,41
΢վ2,2022/10/8 16:00,13,37,26,19,43
΢վ2,2022/10/8 17:00,15,43,28,18.7,44
΢վ2,2022/10/8 18:00,17,52,30,18.4,48
΢վ2,2022/10/8 19:00,15,45,28,18.3,49
΢վ2,2022/10/8 20:00,14,40,28,18,51
΢վ2,2022/10/8 21:00,13,38,28,17.9,51
΢վ2,2022/10/8 22:00,13,39,29,17.9,54
΢վ2,2022/10/8 23:00,15,42,29,17.9,57
΢վ2,2022/10/9 0:00,17,49,30,17.6,61
΢վ2,2022/10/9 1:00,17,51,28,18,61
΢վ2,2022/10/9 2:00,15,45,25,18,59
΢վ2,2022/10/9 3:00,15,45,24,18,58
΢վ2,2022/10/9 4:00,17,48,27,17.9,59
΢վ2,2022/10/9 5:00,19,54,29,17.6,61
΢վ2,2022/10/9 6:00,20,61,28,17.6,62
΢վ2,2022/10/9 7:00,24,68,28,17.3,64
΢վ2,2022/10/9 8:00,21,61,29,14.3,78
΢վ2,2022/10/9 9:00,14,52,28,12.4,77
΢վ2,2022/10/9 10:00,13,52,28,12.4,74
΢վ2,2022/10/9 11:00,13,52,25,13,71
΢վ2,2022/10/9 12:00,7,42,11,15.8,50
΢վ2,2022/10/9 13:00,7,38,16,17,38
΢վ2,2022/10/9 14:00,6,38,17,17.8,35
΢վ2,2022/10/9 15:00,6,36,20,17.3,35
΢վ2,2022/10/9 16:00,5,42,23,15.9,36
΢վ2,2022/10/9 17:00,5,48,26,14.2,40
΢վ2,2022/10/9 18:00,5,49,26,13.6,41
΢վ2,2022/10/9 19:00,6,46,25,13.5,42
΢վ2,2022/10/9 20:00,6,47,26,13.2,45
΢վ2,2022/10/9 21:00,6,44,27,12.4,49
΢վ2,2022/10/9 22:00,6,48,27,11.7,50
΢վ2,2022/10/9 23:00,6,46,27,11.2,52
΢վ2,2022/10/10 0:00,7,47,28,10.6,56
΢վ2,2022/10/10 1:00,7,33,34,10.5,67
΢վ2,2022/10/10 2:00,8,29,29,9.9,76
΢վ2,2022/10/10 3:00,9,40,21,9.4,67
΢վ2,2022/10/10 4:00,6,28,22,9.2,55
΢վ2,2022/10/10 5:00,6,29,26,8.9,54
΢վ2,2022/10/10 6:00,6,30,27,9.3,54
΢վ2,2022/10/10 7:00,6,29,22,11,48
΢վ2,2022/10/10 8:00,11,48,192,14.7,43
΢վ2,2022/10/10 9:00,11,46,171,15.9,37
΢վ2,2022/10/10 10:00,8,42,20,20.7,30
΢վ2,2022/10/10 11:00,7,22,16,22,29
΢վ2,2022/10/10 12:00,5,19,19,2.3,2
΢վ2,2022/10/10 13:00,10,33,58,22.6,22
΢վ2,2022/10/10 14:00,10,34,79,21.7,23
΢վ2,2022/10/10 15:00,10,34,69,22.4,22
΢վ2,2022/10/10 16:00,11,34,70,22.1,23
΢վ2,2022/10/10 17:00,11,34,82,21.4,24
΢վ2,2022/10/10 18:00,9,35,99,19.8,25
΢վ2,2022/10/10 19:00,10,36,122,18.6,29
΢վ2,2022/10/10 20:00,10,37,155,17.1,34
΢վ2,2022/10/10 21:00,13,40,163,16.5,35
΢վ2,2022/10/10 22:00,14,38,171,16.2,36
΢վ2,2022/10/10 23:00,12,36,177,15.9,40
΢վ2,2022/10/11 0:00,12,38,185,15.4,46
΢վ2,2022/10/11 1:00,16,43,199,14.8,51
΢վ2,2022/10/11 2:00,22,50,198,14.5,54
΢վ2,2022/10/11 3:00,23,59,202,14.5,52
΢վ2,2022/10/11 4:00,23,64,198,14.8,51
΢վ2,2022/10/11 5:00,23,66,193,14.8,53
΢վ2,2022/10/11 6:00,26,72,193,15,54
΢վ2,2022/10/11 7:00,28,76,188,15,54
΢վ2,2022/10/11 8:00,31,82,187,15.3,51
΢վ2,2022/10/11 9:00,31,77,165,16.8,46
΢վ2,2022/10/11 10:00,25,61,128,18.2,36
΢վ2,2022/10/11 11:00,21,52,109,19.2,33
΢վ2,2022/10/11 12:00,18,47,88,20.9,33
΢վ2,2022/10/11 13:00,19,46,74,22.3,32
΢վ2,2022/10/11 14:00,20,47,65,23.4,30
΢վ2,2022/10/11 15:00,21,48,56,24.1,30
΢վ2,2022/10/11 16:00,20,48,51,23.7,32
΢վ2,2022/10/11 17:00,19,48,64,22.7,33
΢վ2,2022/10/11 18:00,22,53,93,21.5,37
΢վ2,2022/10/11 19:00,24,55,117,20.6,40
΢վ2,2022/10/11 20:00,23,53,121,20.1,43
΢վ2,2022/10/11 21:00,15,42,117,19.4,46
΢վ2,2022/10/11 22:00,14,49,123,19,50
΢վ2,2022/10/11 23:00,15,48,116,18.5,54
΢վ2,2022/10/12 0:00,17,58,130,17.9,57
΢վ2,2022/10/12 1:00,17,56,142,17.3,60
΢վ2,2022/10/12 2:00,16,47,143,16.8,64
΢վ2,2022/10/12 3:00,17,52,143,16.7,65
΢վ2,2022/10/12 4:00,18,51,150,16.4,67
΢վ2,2022/10/12 5:00,20,52,156,16.1,68
΢վ2,2022/10/12 6:00,47,90,165,15.9,68
΢վ2,2022/10/12 7:00,35,107,167,16.1,67
΢վ2,2022/10/12 8:00,34,100,150,17.4,64
΢վ2,2022/10/12 9:00,15,47,120,19.1,54
΢վ2,2022/10/12 10:00,9,34,88,20.3,48
΢վ2,2022/10/12 11:00,10,34,78,21,45
΢վ2,2022/10/12 12:00,10,32,66,21.7,42
΢վ2,2022/10/12 13:00,9,30,52,22.9,39
΢վ2,2022/10/12 14:00,9,31,49,23.6,37
΢վ2,2022/10/12 15:00,13,60,43,24.3,36
΢վ2,2022/10/12 16:00,11,33,39,24.1,37
΢վ2,2022/10/12 17:00,10,33,51,23.7,38
΢վ2,2022/10/12 18:00,12,39,68,22.1,42
΢վ2,2022/10/12 19:00,10,38,82,21.2,45
΢վ2,2022/10/12 20:00,11,41,92,20.3,47
΢վ2,2022/10/12 21:00,11,40,104,19.7,50
΢վ2,2022/10/12 22:00,11,38,102,19,52
΢վ2,2022/10/12 23:00,13,39,112,18.6,54
΢վ2,2022/10/13 0:00,14,41,122,18.7,56
΢վ2,2022/10/13 1:00,15,42,119,18.4,58
΢վ2,2022/10/13 2:00,18,50,130,17.9,60
΢վ2,2022/10/13 3:00,21,53,142,17.7,60
΢վ2,2022/10/13 4:00,25,71,136,17.7,62
΢վ2,2022/10/13 5:00,29,81,142,17.5,62
΢վ2,2022/10/13 6:00,26,71,146,17.2,62
΢վ2,2022/10/13 7:00,27,87,148,17,64
΢վ2,2022/10/13 8:00,22,73,137,18.2,60
΢վ2,2022/10/13 9:00,9,38,98,19.4,54
΢վ2,2022/10/13 10:00,10,38,84,20.7,53
΢վ2,2022/10/13 11:00,9,34,64,21.8,50
΢վ2,2022/10/13 12:00,10,33,44,23.3,47
΢վ2,2022/10/13 13:00,9,31,32,24.6,42
΢վ2,2022/10/13 14:00,10,30,30,26,38
΢վ2,2022/10/13 15:00,9,32,20,27.7,34
΢վ2,2022/10/13 16:00,10,33,18,27.9,34
΢վ2,2022/10/13 17:00,11,39,29,27,37
΢վ2,2022/10/13 18:00,12,42,50,25.3,41
΢վ2,2022/10/13 19:00,13,46,68,23.8,46
΢վ2,2022/10/13 20:00,15,52,76,22.9,50
΢վ2,2022/10/13 21:00,16,52,72,21.8,57
΢վ2,2022/10/13 22:00,16,53,71,20.8,63
΢վ2,2022/10/13 23:00,18,63,80,20.2,67
΢վ2,2022/10/14 0:00,21,80,78,19.8,67
΢վ2,2022/10/14 1:00,19,61,80,19.5,70
΢վ2,2022/10/14 2:00,22,67,101,19.2,71
΢վ2,2022/10/14 3:00,24,70,104,18.9,72
΢վ2,2022/10/14 4:00,26,76,104,18.9,71
΢վ2,2022/10/14 5:00,31,92,107,18.7,72
΢վ2,2022/10/14 6:00,47,128,107,18.4,73
΢վ2,2022/10/14 7:00,36,105,108,18.5,74
΢վ2,2022/10/14 8:00,22,55,113,19.5,71
΢վ2,2022/10/14 9:00,24,49,92,20.8,67
΢վ2,2022/10/14 10:00,19,60,68,21.9,64
΢վ2,2022/10/14 11:00,16,52,52,23.5,56
΢վ2,2022/10/14 12:00,14,39,40,24.3,52
΢վ2,2022/10/14 13:00,14,39,31,25.5,47
΢վ2,2022/10/14 14:00,17,43,30,25.5,47
΢վ2,2022/10/14 15:00,17,47,28,25.8,46
΢վ2,2022/10/14 16:00,18,45,36,25.7,45
΢վ2,2022/10/14 17:00,19,47,38,25.6,44
΢վ2,2022/10/14 18:00,20,53,61,24.7,48
΢վ2,2022/10/14 19:00,19,53,70,23.5,52
΢վ2,2022/10/14 20:00,17,48,78,22.9,55
΢վ2,2022/10/14 21:00,15,43,64,21.8,59
΢վ2,2022/10/14 22:00,18,49,74,21,63
΢վ2,2022/10/14 23:00,21,55,78,20.4,65
΢վ2,2022/10/15 0:00,23,63,92,20.2,66
΢վ2,2022/10/15 1:00,23,65,91,20,68
΢վ2,2022/10/15 2:00,30,81,106,19.6,67
΢վ2,2022/10/15 3:00,30,81,100,19.2,68
΢վ2,2022/10/15 4:00,36,91,94,19.1,67
΢վ2,2022/10/15 5:00,40,103,109,18.6,69
΢վ2,2022/10/15 6:00,43,123,118,17.9,72
΢վ2,2022/10/15 7:00,51,153,119,17.9,73
΢վ2,2022/10/15 8:00,43,115,109,18.8,70
΢վ2,2022/10/15 9:00,32,79,90,20,65
΢վ2,2022/10/15 10:00,16,39,58,21.4,55
΢վ2,2022/10/15 11:00,16,38,46,22.7,51
΢վ2,2022/10/15 12:00,17,39,38,24.3,47
΢վ2,2022/10/15 13:00,17,35,29,25.5,43
΢վ2,2022/10/15 14:00,16,34,18,26.4,40
΢վ2,2022/10/15 15:00,20,40,15,27.2,39
΢վ2,2022/10/15 16:00,27,52,16,26.7,41
΢վ2,2022/10/15 17:00,29,58,29,25.5,44
΢վ2,2022/10/15 18:00,30,62,43,24.6,45
΢վ2,2022/10/15 19:00,24,53,57,23.9,47
΢վ2,2022/10/15 20:00,24,59,86,23.2,50
΢վ2,2022/10/15 21:00,21,49,63,22,56
΢վ2,2022/10/15 22:00,25,62,72,21.1,60
΢վ2,2022/10/15 23:00,30,74,84,20.6,63
΢վ2,2022/10/16 0:00,34,86,94,20.3,64
΢վ2,2022/10/16 1:00,37,99,106,19.9,66
΢վ2,2022/10/16 2:00,42,112,103,19.5,68
΢վ2,2022/10/16 3:00,56,155,112,19.1,70
΢վ2,2022/10/16 4:00,59,153,109,18.8,71
΢վ2,2022/10/16 5:00,56,151,102,18.6,72
΢վ2,2022/10/16 6:00,55,149,111,18.2,74
΢վ2,2022/10/16 7:00,46,109,117,18.1,76
΢վ2,2022/10/16 8:00,40,63,112,19.2,72
΢վ2,2022/10/16 9:00,36,52,84,20.4,67
΢վ2,2022/10/16 10:00,29,48,65,21.5,62
΢վ2,2022/10/16 11:00,23,57,47,22.4,56
΢վ2,2022/10/16 12:00,23,56,35,24,50
΢վ2,2022/10/16 13:00,22,49,21,25.5,42
΢վ2,2022/10/16 14:00,22,47,10,26.6,38
΢վ2,2022/10/16 15:00,22,47,12,27.3,34
΢վ2,2022/10/16 16:00,22,47,12,27.1,34
΢վ2,2022/10/16 17:00,26,55,22,25.9,38
΢վ2,2022/10/16 18:00,31,66,34,25,43
΢վ2,2022/10/16 19:00,40,81,44,24.3,47
΢վ2,2022/10/16 20:00,39,86,60,23.5,51
΢վ2,2022/10/16 21:00,36,92,56,22.2,56
΢վ2,2022/10/16 22:00,40,102,58,21.3,60
΢վ2,2022/10/16 23:00,47,121,64,20.8,63
΢վ2,2022/10/17 0:00,47,126,65,20.4,65
΢վ2,2022/10/17 1:00,53,146,69,20.3,66
΢վ2,2022/10/17 2:00,62,157,60,20.5,66
΢վ2,2022/10/17 3:00,64,166,62,20.6,67
΢վ2,2022/10/17 4:00,63,173,55,20.7,68
΢վ2,2022/10/17 5:00,60,182,55,20.5,68
΢վ2,2022/10/17 6:00,63,209,54,20.5,69
΢վ2,2022/10/17 7:00,46,200,56,20.3,70
΢վ2,2022/10/17 8:00,31,148,60,20.2,66
΢վ2,2022/10/17 9:00,16,84,63,20.4,60
΢վ2,2022/10/17 10:00,11,60,60,20.9,52
΢վ2,2022/10/17 11:00,8,50,52,21.6,45
΢վ2,2022/10/17 12:00,7,49,48,22.3,41
΢վ2,2022/10/17 13:00,7,44,42,22.7,38
΢վ2,2022/10/17 14:00,7,41,42,23.2,36
΢վ2,2022/10/17 15:00,6,39,41,23,33
΢վ2,2022/10/17 16:00,6,37,52,22.8,33
΢վ2,2022/10/17 17:00,6,37,61,21.7,33
΢վ2,2022/10/17 18:00,7,38,84,20.7,35
΢վ2,2022/10/17 19:00,8,47,108,19.9,38
΢վ2,2022/10/17 20:00,8,39,111,19.1,38
΢վ2,2022/10/17 21:00,8,39,116,18.3,38
΢վ2,2022/10/17 22:00,9,42,136,17.6,39
΢վ2,2022/10/17 23:00,11,43,143,17.3,37
΢վ2,2022/10/18 0:00,11,45,138,17.2,34
΢վ2,2022/10/18 1:00,10,40,139,17.1,34
΢վ2,2022/10/18 2:00,8,39,145,16.6,34
΢վ2,2022/10/18 3:00,7,38,148,16.2,36
΢վ2,2022/10/18 4:00,7,37,156,15.7,37
΢վ2,2022/10/18 5:00,7,37,173,15.1,41
΢վ2,2022/10/18 6:00,8,40,188,14.7,44
΢վ2,2022/10/18 7:00,10,44,190,14.8,46
΢վ2,2022/10/18 8:00,8,42,181,15.1,46
΢վ2,2022/10/18 9:00,8,44,156,15.9,46
΢վ2,2022/10/18 10:00,8,39,140,16.7,43
΢վ2,2022/10/18 11:00,8,38,126,17.9,40
΢վ2,2022/10/18 12:00,8,33,95,19.4,35
΢վ2,2022/10/18 13:00,8,33,81,20.6,32
΢վ2,2022/10/18 14:00,9,35,73,21.8,30
΢վ2,2022/10/18 15:00,10,38,58,22.4,30
΢վ2,2022/10/18 16:00,11,38,59,22.7,31
΢վ2,2022/10/18 17:00,11,39,74,21.3,33
΢վ2,2022/10/18 18:00,12,41,99,20.4,36
΢վ2,2022/10/18 19:00,13,47,127,19.7,37
΢վ2,2022/10/18 20:00,17,54,135,19.3,40
΢վ2,2022/10/18 21:00,14,52,142,18.6,43
΢վ2,2022/10/18 22:00,13,44,140,18,45
΢վ2,2022/10/18 23:00,12,43,146,17.3,46
΢վ2,2022/10/19 0:00,13,39,151,16.9,47
΢վ2,2022/10/19 1:00,14,44,163,16.4,49
΢վ2,2022/10/19 2:00,18,60,168,16.1,51
΢վ2,2022/10/19 3:00,21,60,163,15.9,53
΢վ2,2022/10/19 4:00,21,58,171,15.7,54
΢վ2,2022/10/19 5:00,23,68,179,15.4,56
΢վ2,2022/10/19 6:00,24,74,183,15,55
΢վ2,2022/10/19 7:00,13,48,192,14.9,52
΢վ2,2022/10/19 8:00,13,48,174,16,48
΢վ2,2022/10/19 9:00,8,30,140,16.9,46
΢վ2,2022/10/19 10:00,8,29,118,17.7,44
΢վ2,2022/10/19 11:00,10,33,108,18.6,42
΢վ2,2022/10/19 12:00,10,31,85,20.2,39
΢վ2,2022/10/19 13:00,11,31,68,21.7,35
΢վ2,2022/10/19 14:00,11,32,57,23,33
΢վ2,2022/10/19 15:00,11,32,47,23.8,31
΢վ2,2022/10/19 16:00,11,34,45,23.8,30
΢վ2,2022/10/19 17:00,12,38,59,22.3,34
΢վ2,2022/10/19 18:00,14,43,86,21.3,38
΢վ2,2022/10/19 19:00,12,43,93,20.7,39
΢վ2,2022/10/19 20:00,11,45,104,20,41
΢վ2,2022/10/19 21:00,13,43,100,19.2,44
΢վ2,2022/10/19 22:00,15,44,113,18.6,47
΢վ2,2022/10/19 23:00,16,46,116,18.4,48
΢վ2,2022/10/20 0:00,17,44,115,18.1,50
΢վ2,2022/10/20 1:00,19,49,131,17.5,53
΢վ2,2022/10/20 2:00,20,50,145,16.8,57
΢վ2,2022/10/20 3:00,21,52,159,16.2,59
΢վ2,2022/10/20 4:00,23,58,167,15.9,60
΢վ2,2022/10/20 5:00,23,56,168,16,61
΢վ2,2022/10/20 6:00,34,72,163,15.8,62
΢վ2,2022/10/20 7:00,31,81,172,15.9,62
΢վ2,2022/10/20 8:00,21,79,159,17.2,58
΢վ2,2022/10/20 9:00,13,51,127,18.8,53
΢վ2,2022/10/20 10:00,9,38,90,20.4,49
΢վ2,2022/10/20 11:00,9,36,74,21.2,47
΢վ2,2022/10/20 12:00,10,36,65,22.5,44
΢վ2,2022/10/20 13:00,12,38,60,23.7,41
΢վ2,2022/10/20 14:00,10,36,49,24.9,38
΢վ2,2022/10/20 15:00,11,44,44,25.7,36
΢վ2,2022/10/20 16:00,11,40,38,26.2,35
΢վ2,2022/10/20 17:00,11,43,48,24.8,38
΢վ2,2022/10/20 18:00,11,52,57,23.8,41
΢վ2,2022/10/20 19:00,11,50,73,23.2,44
΢վ2,2022/10/20 20:00,11,46,79,22,49
΢վ2,2022/10/20 21:00,10,40,71,21.6,48
΢վ2,2022/10/20 22:00,12,46,75,21,50
΢վ2,2022/10/20 23:00,11,40,80,20.8,52
΢վ2,2022/10/21 0:00,10,37,78,20.7,53
΢վ2,2022/10/21 1:00,9,36,73,20.6,54
΢վ2,2022/10/21 2:00,10,37,68,20.5,54
΢վ2,2022/10/21 3:00,10,35,78,20.6,55
΢վ2,2022/10/21 4:00,13,42,83,20.4,57
΢վ2,2022/10/21 5:00,14,42,94,20,58
΢վ2,2022/10/21 6:00,19,54,106,19.6,60
΢վ2,2022/10/21 7:00,21,69,110,19.5,62
΢վ2,2022/10/21 8:00,19,66,98,20.5,60
΢վ2,2022/10/21 9:00,14,40,69,22,53
΢վ2,2022/10/21 10:00,2,8,4,24.1,47
΢վ2,2022/10/21 11:00,9,37,39,24.3,47
΢վ2,2022/10/21 12:00,10,37,30,25,45
΢վ2,2022/10/21 13:00,12,38,23,25.7,44
΢վ2,2022/10/21 14:00,13,40,23,26.2,44
΢վ2,2022/10/21 15:00,13,42,19,27.2,41
΢վ2,,,,,,
΢վ2,,,,,,
΢վ2,2022/10/21 18:00,17,66,52,26.2,42
΢վ2,2022/10/21 19:00,22,91,77,25.6,45
΢վ2,2022/10/21 20:00,17,62,88,25.1,48
΢վ2,2022/10/21 21:00,19,72,94,24.6,50
΢վ2,2022/10/21 22:00,30,105,97,24,52
΢վ2,2022/10/21 23:00,37,96,92,23.1,55
΢վ2,2022/10/22 0:00,35,79,99,22.5,58
΢վ2,2022/10/22 1:00,34,78,96,22.2,63
΢վ2,2022/10/22 2:00,37,84,82,22.3,68
΢վ2,2022/10/22 3:00,40,93,84,22,69
΢վ2,2022/10/22 4:00,40,88,81,22,70
΢վ2,2022/10/22 5:00,37,88,77,21.6,71
΢վ2,2022/10/22 6:00,46,120,76,21.2,73
΢վ2,2022/10/22 7:00,57,158,80,21.2,74
΢վ2,2022/10/22 8:00,56,160,96,21.8,75
΢վ2,2022/10/22 9:00,43,77,75,23.1,72
΢վ2,2022/10/22 10:00,45,85,48,24.2,65
΢վ2,2022/10/22 11:00,44,96,38,25.1,56
΢վ2,2022/10/22 12:00,44,85,14,26.8,47
΢վ2,2022/10/22 13:00,56,90,10,27.9,43
΢վ2,2022/10/22 14:00,44,90,2,28.5,39
΢վ2,2022/10/22 15:00,50,106,11,29.2,40
΢վ2,2022/10/22 16:00,50,117,11,27.5,45
΢վ2,2022/10/22 17:00,47,120,24,26.7,46
΢վ2,2022/10/22 18:00,57,155,36,25.8,50
΢վ2,2022/10/22 19:00,63,166,48,24.8,55
΢վ2,2022/10/22 20:00,64,178,55,23.9,60
΢վ2,2022/10/22 21:00,65,191,63,23,64
΢վ2,2022/10/22 22:00,71,201,67,22.9,65
΢վ2,2022/10/22 23:00,73,200,73,22.3,70
΢վ2,2022/10/23 0:00,57,167,70,21.8,74
΢վ2,2022/10/23 1:00,46,95,70,21.4,75
΢վ2,2022/10/23 2:00,44,63,68,20.9,76
΢վ2,2022/10/23 3:00,31,54,71,20.6,77
΢վ2,2022/10/23 4:00,25,49,68,20,80
΢վ2,2022/10/23 5:00,24,56,61,19.4,79
΢վ2,2022/10/23 6:00,27,60,60,19.2,80
΢վ2,2022/10/23 7:00,32,56,68,19.1,79
΢վ2,2022/10/23 8:00,35,51,63,19.7,76
΢վ2,2022/10/23 9:00,34,58,57,20.4,75
΢վ2,2022/10/23 10:00,36,73,49,21.2,71
΢վ2,2022/10/23 11:00,37,91,41,22,66
΢վ2,2022/10/23 12:00,44,111,26,23.2,57
΢վ2,2022/10/23 13:00,50,103,17,24.3,49
΢վ2,2022/10/23 14:00,36,102,15,24.9,43
΢վ2,2022/10/23 15:00,16,59,13,25.5,34
΢վ2,2022/10/23 16:00,10,49,20,25.5,31
΢վ2,2022/10/23 17:00,9,45,34,24.4,31
΢վ2,2022/10/23 18:00,9,45,50,23,31
΢վ2,2022/10/23 19:00,10,49,80,22,33
΢վ2,2022/10/23 20:00,10,51,93,21,37
΢վ2,2022/10/23 21:00,12,56,112,20.1,42
΢վ2,2022/10/23 22:00,12,53,101,19.4,48
΢վ2,2022/10/23 23:00,13,55,111,18.9,53
΢վ2,2022/10/24 0:00,13,52,119,18.3,56
΢վ2,2022/10/24 1:00,15,57,139,17.8,58
΢վ2,2022/10/24 2:00,15,56,137,17.4,59
΢վ2,2022/10/24 3:00,14,48,133,17.1,57
΢վ2,2022/10/24 4:00,14,52,142,17,56
΢վ2,2022/10/24 5:00,16,51,145,16.8,57
΢վ2,2022/10/24 6:00,22,61,151,16.8,58
΢վ2,2022/10/24 7:00,19,75,158,16.4,63
΢վ2,2022/10/24 8:00,20,90,147,17.2,62
΢վ2,2022/10/24 9:00,11,47,111,19,51
΢վ2,2022/10/24 10:00,11,44,88,20.6,42
΢վ2,2022/10/24 11:00,9,42,70,21.8,32
΢վ2,2022/10/24 12:00,12,46,51,23.3,30
΢վ2,2022/10/24 13:00,13,47,46,24.2,29
΢վ2,2022/10/24 14:00,16,51,42,24.9,27
΢վ2,2022/10/24 15:00,17,57,36,25.7,26
΢վ2,2022/10/24 16:00,18,54,34,25.3,27
΢վ2,2022/10/24 17:00,15,52,51,23.8,30
΢վ2,2022/10/24 18:00,15,60,77,23,33
΢վ2,2022/10/24 19:00,14,59,87,22.2,36
΢վ2,2022/10/24 20:00,15,50,96,21.4,42
΢վ2,2022/10/24 21:00,15,62,96,20.7,46
΢վ2,2022/10/24 22:00,15,50,91,20.1,49
΢վ2,2022/10/24 23:00,16,49,94,19.5,52
΢վ2,2022/10/25 0:00,17,49,100,19.1,52
΢վ2,2022/10/25 1:00,16,50,98,19.2,52
΢վ2,2022/10/25 2:00,13,41,89,19.2,52
΢վ2,2022/10/25 3:00,12,40,97,18.5,54
΢վ2,2022/10/25 4:00,12,39,105,18.4,54
΢վ2,2022/10/25 5:00,13,49,115,18.2,55
΢վ2,2022/10/25 6:00,17,55,125,17.8,55
΢վ2,2022/10/25 7:00,14,68,134,17.8,55
΢վ2,2022/10/25 8:00,11,59,117,18.5,52
΢վ2,2022/10/25 9:00,9,44,96,19,50
΢վ2,2022/10/25 10:00,9,39,85,19.8,47
΢վ2,2022/10/25 11:00,10,40,82,20.6,45
΢վ2,2022/10/25 12:00,9,36,64,22,40
΢վ2,2022/10/25 13:00,8,32,54,22.7,38
΢վ2,2022/10/25 14:00,9,34,51,23.4,37
΢վ2,2022/10/25 15:00,9,32,45,24,34
΢վ2,2022/10/25 16:00,8,35,46,23.9,35
΢վ2,2022/10/25 17:00,8,40,59,22.8,37
΢վ2,2022/10/25 18:00,9,38,71,21.8,40
΢վ2,2022/10/25 19:00,9,39,81,20.9,43
΢վ2,2022/10/25 20:00,9,42,87,20.1,46
΢վ2,2022/10/25 21:00,9,43,100,19.5,49
΢վ2,2022/10/25 22:00,9,39,103,19,52
΢վ2,2022/10/25 23:00,9,37,98,18.5,53
΢վ2,2022/10/26 0:00,8,35,98,18.3,54
΢վ2,2022/10/26 1:00,8,35,106,18.4,55
΢վ2,2022/10/26 2:00,7,35,102,18.5,55
΢վ2,2022/10/26 3:00,7,34,106,18.4,55
΢վ2,2022/10/26 4:00,7,34,100,18.3,55
΢վ2,2022/10/26 5:00,8,35,104,18.7,54
΢վ2,2022/10/26 6:00,9,40,100,18.8,54
΢վ2,2022/10/26 7:00,10,45,102,19,52
΢վ2,2022/10/26 8:00,9,44,103,19.6,52
΢վ2,2022/10/26 9:00,10,46,90,20.4,51
΢վ2,2022/10/26 10:00,11,44,82,20.9,52
΢վ2,2022/10/26 11:00,11,44,74,21.6,52
΢վ2,2022/10/26 12:00,10,40,64,22.3,52
΢վ2,2022/10/26 13:00,9,53,56,23,51
΢վ2,2022/10/26 14:00,10,43,61,23.3,51
΢վ2,2022/10/26 15:00,10,40,59,23.3,51
΢վ2,2022/10/26 16:00,13,63,81,22.7,59
΢վ2,2022/10/26 17:00,17,62,97,21.4,66
΢վ2,2022/10/26 18:00,22,74,95,21.1,71
΢վ2,2022/10/26 19:00,22,80,87,20.9,74
΢վ2,2022/10/26 20:00,20,64,88,20.4,77
΢վ2,2022/10/26 21:00,23,40,91,20.1,81
΢վ2,2022/10/26 22:00,21,38,84,19.8,82
΢վ2,2022/10/26 23:00,22,41,80,19.5,86
΢վ2,2022/10/27 0:00,22,33,66,19.5,87
΢վ2,2022/10/27 1:00,12,29,66,19,86
΢վ2,2022/10/27 2:00,13,29,65,18.7,86
΢վ2,2022/10/27 3:00,10,21,64,18.4,88
΢վ2,2022/10/27 4:00,8,15,66,18.3,88
΢վ2,2022/10/27 5:00,7,8,64,18.1,91
΢վ2,2022/10/27 6:00,7,9,67,18.3,91
΢վ2,2022/10/27 7:00,8,10,64,18.6,89
΢վ2,2022/10/27 8:00,7,9,77,18.9,85
΢վ2,2022/10/27 9:00,8,15,76,19.3,78
΢վ2,2022/10/27 10:00,6,17,72,20,74
΢վ2,2022/10/27 11:00,6,18,65,20.7,73
΢վ2,2022/10/27 12:00,6,21,67,21.5,71
΢վ2,2022/10/27 13:00,10,25,57,22.2,67
΢վ2,2022/10/27 14:00,11,34,49,23.1,60
΢վ2,2022/10/27 15:00,11,34,48,23.1,59
΢վ2,2022/10/27 16:00,9,34,53,22.4,62
΢վ2,2022/10/27 17:00,9,33,66,20.7,67
΢վ2,2022/10/27 18:00,9,35,74,20.5,66
΢վ2,2022/10/27 19:00,9,40,75,20.6,66
΢վ2,2022/10/27 20:00,9,41,75,20.5,68
΢վ2,2022/10/27 21:00,9,39,63,20.4,69
΢վ2,2022/10/27 22:00,9,36,69,20.1,69
΢վ2,2022/10/27 23:00,9,36,67,20,69
΢վ2,2022/10/28 0:00,10,38,70,19.9,69
΢վ2,2022/10/28 1:00,9,38,76,19.5,71
΢վ2,2022/10/28 2:00,9,39,73,19.2,72
΢վ2,2022/10/28 3:00,9,34,74,18.9,70
΢վ2,2022/10/28 4:00,9,33,75,18.7,69
΢վ2,2022/10/28 5:00,8,30,84,18.4,65
΢վ2,2022/10/28 6:00,9,33,94,18.3,64
΢վ2,2022/10/28 7:00,9,36,104,18.3,63
΢վ2,2022/10/28 8:00,10,42,104,18.7,63
΢վ2,2022/10/28 9:00,12,45,89,19.3,62
΢վ2,2022/10/28 10:00,13,46,82,20,62
΢վ2,2022/10/28 11:00,14,46,67,20.9,58
΢վ2,2022/10/28 12:00,16,45,54,21.8,54
΢վ2,2022/10/28 13:00,17,50,53,22.1,53
΢վ2,2022/10/28 14:00,17,49,47,22.2,50
΢վ2,2022/10/28 15:00,18,54,49,22.3,48
΢վ2,2022/10/28 16:00,21,63,55,22.1,48
΢վ2,2022/10/28 17:00,19,64,65,21.7,48
΢վ2,2022/10/28 18:00,16,60,78,21,50
΢վ2,2022/10/28 19:00,17,63,101,20.2,53
΢վ2,2022/10/28 20:00,14,55,108,19.6,53
΢վ2,2022/10/28 21:00,11,45,99,19,54
΢վ2,2022/10/28 22:00,11,48,103,18.6,56
΢վ2,2022/10/28 23:00,12,52,110,18.3,57
΢վ2,2022/10/29 0:00,18,70,115,18.2,59
΢վ2,2022/10/29 1:00,20,75,116,18.1,60
΢վ2,2022/10/29 2:00,20,77,116,18,60
΢վ2,2022/10/29 3:00,20,83,113,17.9,60
΢վ2,2022/10/29 4:00,22,88,116,17.7,60
΢վ2,2022/10/29 5:00,21,81,120,17.6,60
΢վ2,2022/10/29 6:00,26,89,123,17.5,61
΢վ2,2022/10/29 7:00,23,82,132,17.5,61
΢վ2,2022/10/29 8:00,21,74,128,17.8,61
΢վ2,2022/10/29 9:00,14,55,104,18.8,57
΢վ2,2022/10/29 10:00,10,41,86,19.7,53
΢վ2,2022/10/29 11:00,9,33,72,20.7,50
΢վ2,2022/10/29 12:00,10,36,69,21.6,47
΢վ2,2022/10/29 13:00,11,36,54,22.5,44
΢վ2,2022/10/29 14:00,12,37,51,23.2,41
΢վ2,2022/10/29 15:00,15,44,47,23.9,40
΢վ2,2022/10/29 16:00,17,47,49,23.4,42
΢վ2,2022/10/29 17:00,15,47,57,22.8,43
΢վ2,2022/10/29 18:00,16,51,82,21.8,47
΢վ2,2022/10/29 19:00,14,45,89,20.7,52
΢վ2,2022/10/29 20:00,11,41,96,19.6,55
΢վ2,2022/10/29 21:00,13,44,104,18.9,58
΢վ2,2022/10/29 22:00,13,45,124,18.4,60
΢վ2,2022/10/29 23:00,14,47,121,17.8,62
΢վ2,2022/10/30 0:00,16,52,129,17.5,63
΢վ2,2022/10/30 1:00,22,67,133,17.2,65
΢վ2,2022/10/30 2:00,28,88,145,16.8,68
΢վ2,2022/10/30 3:00,27,80,139,16.9,67
΢վ2,2022/10/30 4:00,35,95,143,16.8,68
΢վ2,2022/10/30 5:00,41,114,138,16.7,69
΢վ2,2022/10/30 6:00,44,115,144,16.9,69
΢վ2,2022/10/30 7:00,42,120,138,16.9,70
΢վ2,2022/10/30 8:00,43,126,135,17.4,69
΢վ2,2022/10/30 9:00,43,133,125,18.2,69
΢վ2,2022/10/30 10:00,38,125,100,19.5,67
΢վ2,2022/10/30 11:00,40,121,87,20.6,66
΢վ2,2022/10/30 12:00,34,101,75,22.6,62
΢վ2,2022/10/30 13:00,25,74,52,24.4,56
΢վ2,2022/10/30 14:00,17,52,35,25.8,49
΢վ2,2022/10/30 15:00,17,49,35,25.8,48
΢վ2,2022/10/30 16:00,17,56,45,25,51
΢վ2,2022/10/30 17:00,14,55,57,24.4,52
΢վ2,2022/10/30 18:00,14,71,68,23.9,53
΢վ2,2022/10/30 19:00,11,48,58,23.3,53
΢վ2,2022/10/30 20:00,10,42,58,22.6,53
΢վ2,2022/10/30 21:00,10,42,61,22.2,56
΢վ2,2022/10/30 22:00,11,40,65,21.7,57
΢վ2,2022/10/30 23:00,12,40,63,21.5,58
΢վ2,2022/10/31 0:00,13,44,73,20.9,61
΢վ2,2022/10/31 1:00,16,54,98,20.4,63
΢վ2,2022/10/31 2:00,19,65,104,19.8,66
΢վ2,2022/10/31 3:00,23,76,107,19.2,69
΢վ2,2022/10/31 4:00,26,85,109,18.7,71
΢վ2,2022/10/31 5:00,28,93,115,18.3,74
΢վ2,2022/10/31 6:00,30,83,115,18,75
΢վ2,2022/10/31 7:00,25,45,121,18,77
΢վ2,2022/10/31 8:00,19,42,108,18.9,76
΢վ2,2022/10/31 9:00,21,34,90,20.2,71
΢վ2,2022/10/31 10:00,17,59,69,21.4,66
΢վ2,2022/10/31 11:00,13,41,49,22.6,56
΢վ2,2022/10/31 12:00,10,36,44,23.4,50
΢վ2,2022/10/31 13:00,9,34,32,24.8,44
΢վ2,2022/10/31 14:00,9,34,27,25.5,39
΢վ2,2022/10/31 15:00,10,33,23,26,35
΢վ2,2022/10/31 16:00,10,33,35,25.7,35
΢վ2,2022/10/31 17:00,10,36,48,25,38
΢վ2,2022/10/31 18:00,12,47,59,24,47
΢վ2,2022/10/31 19:00,11,40,68,23.1,49
΢վ2,2022/10/31 20:00,11,40,76,22.2,53
΢վ2,2022/10/31 21:00,12,49,78,21.5,56
΢վ2,2022/10/31 22:00,14,50,88,20.8,59
΢վ2,2022/10/31 23:00,17,56,94,20.2,62
΢վ2,2022/11/1 0:00,18,64,99,19.6,67
΢վ2,2022/11/1 1:00,24,84,109,19.1,70
΢վ2,2022/11/1 2:00,36,117,110,18.7,74
΢վ2,2022/11/1 3:00,23,56,110,18.4,77
΢վ2,2022/11/1 4:00,20,44,105,18.2,78
΢վ2,2022/11/1 5:00,23,50,107,18,80
΢վ2,2022/11/1 6:00,26,51,111,17.7,82
΢վ2,2022/11/1 7:00,22,46,107,17.7,82
΢վ2,2022/11/1 8:00,21,43,108,18.2,81
΢վ2,2022/11/1 9:00,31,39,97,19.2,76
΢վ2,2022/11/1 10:00,28,56,81,20,71
΢վ2,2022/11/1 11:00,27,49,60,21.2,64
΢վ2,2022/11/1 12:00,9,29,6,21.8,56
΢վ2,2022/11/1 13:00,10,32,14,21.7,55
΢վ2,2022/11/1 14:00,11,34,19,21.7,52
΢վ2,2022/11/1 15:00,12,37,21,21.5,50
΢վ2,2022/11/1 16:00,20,58,29,20.6,54
΢վ2,2022/11/1 17:00,47,127,32,18.9,65
΢վ2,2022/11/1 18:00,54,146,31,17.8,71
΢վ2,2022/11/1 19:00,47,129,28,17,73
΢վ2,2022/11/1 20:00,38,107,27,16.3,76
΢վ2,2022/11/1 21:00,38,106,28,15.7,76
΢վ2,2022/11/1 22:00,36,103,28,15.3,77
΢վ2,2022/11/1 23:00,34,100,27,15.3,76
΢վ2,2022/11/2 0:00,37,107,28,14.5,78
΢վ2,2022/11/2 1:00,46,128,28,14.2,79
΢վ2,2022/11/2 2:00,47,131,28,13.8,80
΢վ2,2022/11/2 3:00,48,131,29,13.2,83
΢վ2,2022/11/2 4:00,45,125,27,13.7,80
΢վ2,2022/11/2 5:00,47,135,28,13.4,81
΢վ2,2022/11/2 6:00,43,121,27,13.8,78
΢վ2,2022/11/2 7:00,33,96,24,14.9,75
΢վ2,2022/11/2 8:00,30,87,20,16.8,69
΢վ2,2022/11/2 9:00,24,72,14,18.8,60
΢վ2,2022/11/2 10:00,18,53,16,20.5,49
΢վ2,2022/11/2 11:00,18,52,18,21.2,46
΢վ2,2022/11/2 12:00,17,50,19,21,46
΢վ2,2022/11/2 13:00,17,49,20,21.5,43
΢վ2,2022/11/2 14:00,16,47,20,21.4,42
΢վ2,2022/11/2 15:00,18,51,25,21,43
΢վ2,2022/11/2 16:00,21,61,29,20.2,46
΢վ2,2022/11/2 17:00,26,77,32,18.8,54
΢վ2,2022/11/2 18:00,30,89,33,17.6,61
΢վ2,2022/11/2 19:00,14,47,27,16.5,65
΢վ2,2022/11/2 20:00,12,42,28,15.8,66
΢վ2,2022/11/2 21:00,13,43,30,15.3,68
΢վ2,2022/11/2 22:00,14,43,30,15,70
΢վ2,2022/11/2 23:00,15,44,31,14,75
΢վ2,2022/11/3 0:00,16,48,30,14.1,76
΢վ2,2022/11/3 1:00,17,48,31,14.1,76
΢վ2,2022/11/3 2:00,18,53,29,13.6,78
΢վ2,2022/11/3 3:00,22,62,29,13.5,79
΢վ2,2022/11/3 4:00,23,62,31,12.4,85
΢վ2,2022/11/3 5:00,22,63,29,12.8,82
΢վ2,2022/11/3 6:00,24,68,30,12.8,82
΢վ2,2022/11/3 7:00,21,61,27,14.3,76
΢վ2,2022/11/3 8:00,19,55,21,16.4,72
΢վ2,2022/11/3 9:00,15,46,12,19.5,56
΢վ2,2022/11/3 10:00,18,53,18,19.7,53
΢վ2,2022/11/3 11:00,20,58,24,19.9,54
΢վ2,2022/11/3 12:00,24,69,21,20.3,50
΢վ2,2022/11/3 13:00,27,76,22,20.4,48
΢վ2,2022/11/3 14:00,28,76,23,20,48
΢վ2,2022/11/3 15:00,26,74,25,19.7,47
΢վ2,2022/11/3 16:00,19,54,29,18.4,52
΢վ2,2022/11/3 17:00,8,34,28,17,58
΢վ2,2022/11/3 18:00,7,25,27,16.6,59
΢վ2,2022/11/3 19:00,7,25,28,16.1,61
΢վ2,2022/11/3 20:00,6,22,27,15.6,64
΢վ2,2022/11/3 21:00,6,20,27,15.3,64
΢վ2,2022/11/3 22:00,7,22,28,15.4,64
΢վ2,2022/11/3 23:00,8,27,29,15.3,64
΢վ2,2022/11/4 0:00,13,56,29,15.2,66
΢վ2,2022/11/4 1:00,15,44,28,15.5,66
΢վ2,2022/11/4 2:00,19,56,31,15.3,70
΢վ2,2022/11/4 3:00,28,75,36,14.1,87
΢վ2,2022/11/4 4:00,31,82,31,14.1,89
΢վ2,2022/11/4 5:00,25,71,26,14.4,86
΢վ2,2022/11/4 6:00,21,61,25,14.5,83
΢վ2,2022/11/4 7:00,15,45,22,14.8,77
΢վ2,2022/11/4 8:00,11,37,20,15,70
΢վ2,2022/11/4 9:00,9,33,21,15.2,64
΢վ2,2022/11/4 10:00,9,31,18,16.3,57
΢վ2,2022/11/4 11:00,8,29,17,17.5,50
΢վ2,2022/11/4 12:00,8,30,19,17.7,49
΢վ2,2022/11/4 13:00,8,29,21,17.7,47
΢վ2,2022/11/4 14:00,9,31,22,17.5,47
΢վ2,2022/11/4 15:00,19,54,24,17.1,47
΢վ2,2022/11/4 16:00,10,35,27,16.1,50
΢վ2,2022/11/4 17:00,8,32,27,14.6,54
΢վ2,2022/11/4 18:00,10,36,29,13.5,59
΢վ2,2022/11/4 19:00,11,40,28,12.7,61
΢վ2,2022/11/4 20:00,13,43,29,12.2,64
΢վ2,2022/11/4 21:00,13,41,28,12.1,64
΢վ2,2022/11/4 22:00,13,41,28,12,65
΢վ2,2022/11/4 23:00,15,45,27,12.2,63
΢վ2,2022/11/5 0:00,15,43,28,12.2,64
΢վ2,2022/11/5 1:00,16,46,28,12.6,63
΢վ2,2022/11/5 2:00,18,51,28,12.9,62
΢վ2,2022/11/5 3:00,18,51,27,12.6,63
΢վ2,2022/11/5 4:00,21,59,28,12.6,63
΢վ2,2022/11/5 5:00,22,61,29,12.2,64
΢վ2,2022/11/5 6:00,23,63,28,12.2,64
΢վ2,2022/11/5 7:00,21,59,23,13.4,59
΢վ2,2022/11/5 8:00,18,51,19,14.6,54
΢վ2,2022/11/5 9:00,14,40,21,15.7,50
΢վ2,2022/11/5 10:00,11,31,19,17,43
΢վ2,2022/11/5 11:00,12,34,21,17.7,42
΢վ2,2022/11/5 12:00,12,34,18,18.9,38
΢վ2,2022/11/5 13:00,13,36,21,18.7,38
΢վ2,2022/11/5 14:00,14,37,22,18.5,38
΢վ2,2022/11/5 15:00,15,42,27,17.8,40
΢վ2,2022/11/5 16:00,20,56,29,16.9,45
΢վ2,2022/11/5 17:00,25,75,31,15.8,49
΢վ2,2022/11/5 18:00,30,90,32,15.3,53
΢վ2,2022/11/5 19:00,30,88,32,14.7,57
΢վ2,2022/11/5 20:00,32,92,34,14.4,60
΢վ2,2022/11/5 21:00,30,83,35,14,65
΢վ2,2022/11/5 22:00,25,75,35,13.5,67
΢վ2,2022/11/5 23:00,22,65,31,13,67
΢վ2,2022/11/6 0:00,22,66,32,12.9,68
΢վ2,2022/11/6 1:00,25,74,32,12.9,68
΢վ2,2022/11/6 2:00,22,62,31,12.7,69
΢վ2,2022/11/6 3:00,22,59,32,12.5,71
΢վ2,2022/11/6 4:00,19,52,33,12.3,75
΢վ2,2022/11/6 5:00,20,54,33,11.7,79
΢վ2,2022/11/6 6:00,20,57,31,11.7,78
΢վ2,2022/11/6 7:00,22,67,28,13,70
΢վ2,2022/11/6 8:00,16,50,20,15.5,59
΢վ2,2022/11/6 9:00,10,34,18,17.1,51
΢վ2,2022/11/6 10:00,13,39,20,18.5,46
΢վ2,2022/11/6 11:00,14,41,21,19.6,42
΢վ2,2022/11/6 12:00,16,44,22,20,42
΢վ2,2022/11/6 13:00,15,44,21,20.4,40
΢վ2,2022/11/6 14:00,13,38,22,20.6,38
΢վ2,2022/11/6 15:00,14,41,26,20,40
΢վ2,2022/11/6 16:00,15,46,31,18.8,47
΢վ2,2022/11/6 17:00,15,46,31,17.7,53
΢վ2,2022/11/6 18:00,12,39,32,16.9,59
΢վ2,2022/11/6 19:00,13,40,31,16.1,63
΢վ2,2022/11/6 20:00,13,38,31,15.3,66
΢վ2,2022/11/6 21:00,14,40,32,15,69
΢վ2,2022/11/6 22:00,13,40,30,14.9,69
΢վ2,2022/11/6 23:00,12,35,31,14.6,70
΢վ2,2022/11/7 0:00,12,35,31,14.2,73
΢վ2,2022/11/7 1:00,13,36,31,14.2,74
΢վ2,2022/11/7 2:00,15,40,31,14.1,76
΢վ2,2022/11/7 3:00,16,46,31,13.9,78
΢վ2,2022/11/7 4:00,18,54,32,13.4,80
΢վ2,2022/11/7 5:00,23,62,34,13.3,83
΢վ2,2022/11/7 6:00,24,65,33,13.6,83
΢վ2,2022/11/7 7:00,23,61,24,15.2,76
΢վ2,2022/11/7 8:00,20,53,20,17.9,67
΢վ2,2022/11/7 9:00,20,57,18,21,55
΢վ2,2022/11/7 10:00,21,59,18,23.4,46
΢վ2,2022/11/7 11:00,16,44,19,24.4,40
΢վ2,2022/11/7 12:00,18,48,19,24.9,37
΢վ2,2022/11/7 13:00,19,52,21,25.4,36
΢վ2,2022/11/7 14:00,18,50,23,25.3,36
΢վ2,2022/11/7 15:00,17,47,26,24.9,36
΢վ2,2022/11/7 16:00,21,61,35,23.1,43
΢վ2,2022/11/7 17:00,25,73,37,21.3,47
΢վ2,2022/11/7 18:00,33,99,39,20.3,54
΢վ2,2022/11/7 19:00,32,97,38,19.6,58
΢վ2,2022/11/7 20:00,35,105,40,18.6,62
΢վ2,2022/11/7 21:00,37,110,42,17.5,69
΢վ2,2022/11/7 22:00,31,93,41,16.9,74
΢վ2,2022/11/7 23:00,26,74,36,16.7,75
΢վ2,2022/11/8 0:00,25,69,35,16.6,78
΢վ2,2022/11/8 1:00,30,78,32,15.7,82
΢վ2,2022/11/8 2:00,31,85,34,15.4,85
΢վ2,2022/11/8 3:00,30,81,34,14.9,87
΢վ2,2022/11/8 4:00,49,130,32,15.1,86
΢վ2,2022/11/8 5:00,64,159,32,14.8,87
΢վ2,2022/11/8 6:00,42,110,31,14.2,89
΢վ2,2022/11/8 7:00,37,107,29,15,86
΢վ2,2022/11/8 8:00,33,92,23,17.6,76
΢վ2,2022/11/8 9:00,26,69,21,19.7,67
΢վ2,2022/11/8 10:00,19,52,17,21.8,56
΢վ2,2022/11/8 11:00,13,39,14,22.5,44
΢վ2,2022/11/8 12:00,13,40,22,23.3,41
΢վ2,2022/11/8 13:00,14,41,23,23.6,40
΢վ2,2022/11/8 14:00,13,40,23,23.8,39
΢վ2,2022/11/8 15:00,11,38,26,23.6,37
΢վ2,2022/11/8 16:00,11,37,40,21.8,53
΢վ2,2022/11/8 17:00,12,40,36,20.2,62
΢վ2,2022/11/8 18:00,16,47,36,19,69
΢վ2,2022/11/8 19:00,18,49,34,18.3,72
΢վ2,2022/11/8 20:00,20,53,35,17.5,76
΢վ2,2022/11/8 21:00,20,55,34,16.7,79
΢վ2,2022/11/8 22:00,22,57,34,16.3,80
΢վ2,2022/11/8 23:00,21,56,35,15.9,81
΢վ2,2022/11/9 0:00,22,58,35,15.7,82
΢վ2,2022/11/9 1:00,23,60,35,15.5,83
΢վ2,2022/11/9 2:00,24,62,35,15.5,84
΢վ2,2022/11/9 3:00,25,64,34,15.2,86
΢վ2,2022/11/9 4:00,23,61,33,15.1,85
΢վ2,2022/11/9 5:00,20,54,33,15.2,85
΢վ2,2022/11/9 6:00,18,50,33,15.4,85
΢վ2,2022/11/9 7:00,19,54,32,16.4,83
΢վ2,2022/11/9 8:00,21,59,29,18.7,77
΢վ2,2022/11/9 9:00,23,63,28,19.7,77
΢վ2,2022/11/9 10:00,20,56,25,21.1,72
΢վ2,2022/11/9 11:00,14,40,20,22.2,66
΢վ2,2022/11/9 12:00,13,39,26,22.2,65
΢վ2,2022/11/9 13:00,15,43,28,22.3,67
΢վ2,2022/11/9 14:00,14,42,26,22.7,67
΢վ2,2022/11/9 15:00,13,40,26,22.9,66
΢վ2,2022/11/9 16:00,14,43,29,22.6,66
΢վ2,2022/11/9 17:00,18,56,33,21.8,70
΢վ2,2022/11/9 18:00,24,73,34,21.4,72
΢վ2,2022/11/9 19:00,27,80,36,20.7,76
΢վ2,2022/11/9 20:00,31,86,36,20,79
΢վ2,2022/11/9 21:00,36,102,37,19.4,82
΢վ2,2022/11/9 22:00,38,106,36,19,83
΢վ2,2022/11/9 23:00,34,93,36,17.9,88
΢վ2,2022/11/10 0:00,34,96,36,17.7,89
΢վ2,2022/11/10 1:00,33,95,35,17.8,89
΢վ2,2022/11/10 2:00,36,100,35,17.9,89
΢վ2,2022/11/10 3:00,39,104,33,17.8,89
΢վ2,2022/11/10 4:00,36,92,34,17.6,92
΢վ2,2022/11/10 5:00,29,70,31,18,92
΢վ2,2022/11/10 6:00,28,69,29,18.2,92
΢վ2,2022/11/10 7:00,33,79,29,18.4,92
΢վ2,2022/11/10 8:00,47,114,29,18.4,92
΢վ2,2022/11/10 9:00,57,141,24,19.1,89
΢վ2,2022/11/10 10:00,55,138,23,20.5,82
΢վ2,2022/11/10 11:00,43,107,17,22.9,71
΢վ2,2022/11/10 12:00,36,90,19,24.5,64
΢վ2,2022/11/10 13:00,35,89,24,25.6,60
΢վ2,2022/11/10 14:00,30,77,26,25.6,59
΢վ2,2022/11/10 15:00,30,77,30,25.3,59
΢վ2,2022/11/10 16:00,41,108,36,24.2,66
΢վ2,2022/11/10 17:00,40,110,35,22.6,71
΢վ2,2022/11/10 18:00,47,121,38,21.3,78
΢վ2,2022/11/10 19:00,32,82,30,20.6,81
΢վ2,2022/11/10 20:00,35,90,32,19.9,84
΢վ2,2022/11/10 21:00,36,90,30,19.5,86
΢վ2,2022/11/10 22:00,36,90,30,19.2,86
΢վ2,2022/11/10 23:00,40,100,30,19.3,88
΢վ2,2022/11/11 0:00,35,88,27,19.8,86
΢վ2,2022/11/11 1:00,35,88,28,19.8,86
΢վ2,2022/11/11 2:00,33,83,27,19.8,86
΢վ2,2022/11/11 3:00,32,81,28,19.9,86
΢վ2,2022/11/11 4:00,37,94,30,19.9,88
΢վ2,2022/11/11 5:00,46,117,30,19.8,91
΢վ2,2022/11/11 6:00,52,131,29,19.7,92
΢վ2,2022/11/11 7:00,62,156,29,19.8,92
΢վ2,2022/11/11 8:00,56,147,27,20.5,90
΢վ2,2022/11/11 9:00,46,121,26,21.4,86
΢վ2,2022/11/11 10:00,36,97,24,22.7,80
΢վ2,2022/11/11 11:00,33,90,25,22.9,80
΢վ2,2022/11/11 12:00,20,55,26,23.8,76
΢վ2,2022/11/11 13:00,12,33,21,24.8,69
΢վ2,2022/11/11 14:00,11,32,26,24.7,70
΢վ2,2022/11/11 15:00,11,33,29,24.7,69
΢վ2,2022/11/11 16:00,15,42,34,23.7,74
΢վ2,2022/11/11 17:00,19,52,36,22.6,80
΢վ2,2022/11/11 18:00,20,54,35,21.9,84
΢վ2,2022/11/11 19:00,21,57,34,21.3,87
΢վ2,2022/11/11 20:00,22,59,33,21,89
΢վ2,2022/11/11 21:00,21,58,30,21.4,87
΢վ2,2022/11/11 22:00,18,48,27,21.6,84
΢վ2,2022/11/11 23:00,17,45,28,21.2,85
΢վ2,2022/11/12 0:00,18,48,30,20.7,88
΢վ2,2022/11/12 1:00,18,48,29,20.7,88
΢վ2,2022/11/12 2:00,19,49,28,20.7,89
΢վ2,2022/11/12 3:00,20,52,28,20.5,90
΢վ2,2022/11/12 4:00,21,54,29,20.6,91
΢վ2,2022/11/12 5:00,22,56,27,20.7,91
΢վ2,2022/11/12 6:00,25,64,28,20.7,90
΢վ2,2022/11/12 7:00,22,56,23,21.8,85
΢վ2,2022/11/12 8:00,19,51,18,23.3,79
΢վ2,2022/11/12 9:00,15,40,15,25.1,70
΢վ2,2022/11/12 10:00,11,31,16,27.8,59
΢վ2,2022/11/12 11:00,9,27,16,29.4,52
΢վ2,2022/11/12 12:00,8,24,20,29.8,48
΢վ2,2022/11/12 13:00,11,34,21,30.6,46
΢վ2,2022/11/12 14:00,13,38,25,30.3,46
΢վ2,2022/11/12 15:00,17,48,31,29.6,48
΢վ2,2022/11/12 16:00,26,70,36,28.3,54
΢վ2,2022/11/12 17:00,30,89,35,27.1,59
΢վ2,2022/11/12 18:00,29,78,34,25,67
΢վ2,2022/11/12 19:00,27,68,32,24.1,70
΢վ2,2022/11/12 20:00,22,62,31,22.4,76
΢վ2,2022/11/12 21:00,23,59,30,20.7,79
΢վ2,2022/11/12 22:00,32,82,28,19.7,77
΢վ2,2022/11/12 23:00,23,58,28,19.1,76
΢վ2,2022/11/13 0:00,24,60,29,17.9,81
΢վ2,2022/11/13 1:00,19,49,29,16.5,87
΢վ2,2022/11/13 2:00,9,24,27,14.8,89
΢վ2,2022/11/13 3:00,8,22,26,14.3,87
΢վ2,2022/11/13 4:00,10,27,28,13.6,89
΢վ2,2022/11/13 5:00,11,30,24,13.4,86
΢վ2,2022/11/13 6:00,13,35,23,13.4,82
΢վ2,2022/11/13 7:00,14,41,22,13.2,79
΢վ2,2022/11/13 8:00,16,46,23,13.5,76
΢վ2,2022/11/13 9:00,16,46,22,13.5,73
΢վ2,2022/11/13 10:00,20,56,25,13.7,72
΢վ2,2022/11/13 11:00,20,58,24,14.1,70
΢վ2,2022/11/13 12:00,21,60,24,14,70
΢վ2,2022/11/13 13:00,21,60,25,14,69
΢վ2,2022/11/13 14:00,20,58,25,13.9,68
΢վ2,2022/11/13 15:00,20,56,26,13.5,68
΢վ2,2022/11/13 16:00,18,54,25,13.6,66
΢վ2,2022/11/13 17:00,18,52,26,13.6,66
΢վ2,2022/11/13 18:00,16,49,25,13.7,64
΢վ2,2022/11/13 19:00,15,46,25,13.3,64
΢վ2,2022/11/13 20:00,15,45,26,13.1,65
΢վ2,2022/11/13 21:00,17,49,27,13.1,65
΢վ2,2022/11/13 22:00,19,53,28,12.3,71
΢վ2,2022/11/13 23:00,21,58,28,12.3,71
΢վ2,2022/11/14 0:00,21,57,26,12.3,71
΢վ2,2022/11/14 1:00,23,62,28,11.6,74
΢վ2,2022/11/14 2:00,20,54,27,11.2,75
΢վ2,2022/11/14 3:00,18,51,25,11.3,73
΢վ2,2022/11/14 4:00,18,49,25,11.3,71
΢վ2,2022/11/14 5:00,18,47,25,11.2,69
΢վ2,2022/11/14 6:00,19,51,27,11.2,70
΢վ2,2022/11/14 7:00,20,55,27,11.6,69
΢վ2,2022/11/14 8:00,20,56,24,11.8,67
΢վ2,2022/11/14 9:00,22,61,26,12.5,67
΢վ2,2022/11/14 10:00,24,64,25,13.1,64
΢վ2,2022/11/14 11:00,24,64,24,13.5,62
΢վ2,2022/11/14 12:00,21,58,25,13,61
΢վ2,2022/11/14 13:00,21,57,27,12.9,60
΢վ2,2022/11/14 14:00,23,64,32,12.1,65
΢վ2,2022/11/14 15:00,22,60,37,10.4,79
΢վ2,2022/11/14 16:00,12,43,30,11,73
΢վ2,2022/11/14 17:00,18,57,34,11,78
΢վ2,2022/11/14 18:00,21,64,33,10.8,81
΢վ2,2022/11/14 19:00,22,66,32,11,81
΢վ2,2022/11/14 20:00,22,63,31,11.2,81
΢վ2,2022/11/14 21:00,22,62,30,11.5,80
΢վ2,2022/11/14 22:00,27,75,29,11.7,76
΢վ2,2022/11/14 23:00,30,82,31,11.5,77
΢վ2,2022/11/15 0:00,30,81,29,11.7,76
΢վ2,2022/11/15 1:00,31,80,27,11.4,75
΢վ2,2022/11/15 2:00,31,81,27,11.6,71
΢վ2,2022/11/15 3:00,31,82,29,11.5,72
΢վ2,2022/11/15 4:00,34,88,32,10.9,76
΢վ2,2022/11/15 5:00,38,100,32,10.3,79
΢վ2,2022/11/15 6:00,40,110,31,10,80
΢վ2,2022/11/15 7:00,39,106,26,11.5,74
΢վ2,2022/11/15 8:00,38,102,18,11.9,71
΢վ2,2022/11/15 9:00,34,90,20,13.5,62
΢վ2,2022/11/15 10:00,32,83,20,15.8,53
΢վ2,2022/11/15 11:00,32,84,20,16.8,47
΢վ2,2022/11/15 12:00,30,80,21,17,42
΢վ2,2022/11/15 13:00,27,70,20,18,35
΢վ2,2022/11/15 14:00,28,75,27,17.9,37
΢վ2,2022/11/15 15:00,33,88,32,17.3,40
΢վ2,2022/11/15 16:00,36,96,43,15.5,57
΢վ2,2022/11/15 17:00,44,124,39,13.9,63
΢վ2,2022/11/15 18:00,51,139,40,12.9,68
΢վ2,2022/11/15 19:00,39,109,35,12.5,68
΢վ2,2022/11/15 20:00,36,101,35,12.3,67
΢վ2,2022/11/15 21:00,39,109,36,12.1,69
΢վ2,2022/11/15 22:00,38,105,33,12.1,67
΢վ2,2022/11/15 23:00,38,104,34,11.7,69
΢վ2,2022/11/16 0:00,41,116,34,11,72
΢վ2,2022/11/16 1:00,43,122,33,10.3,76
΢վ2,2022/11/16 2:00,53,142,35,10.6,77
΢վ2,2022/11/16 3:00,58,151,32,10.5,78
΢վ2,2022/11/16 4:00,57,150,30,10.2,79
΢վ2,2022/11/16 5:00,58,152,33,9.3,84
΢վ2,2022/11/16 6:00,81,210,32,8.8,87
΢վ2,2022/11/16 7:00,70,184,28,10.1,82
΢վ2,2022/11/16 8:00,56,152,21,13.2,72
΢վ2,2022/11/16 9:00,60,161,22,15.1,62
΢վ2,2022/11/16 10:00,51,136,18,17,50
΢վ2,2022/11/16 11:00,46,121,21,17.4,38
΢վ2,2022/11/16 12:00,49,128,26,17.2,40
΢վ2,2022/11/16 13:00,45,120,27,17.6,39
΢վ2,2022/11/16 14:00,46,122,26,17.4,40
΢վ2,2022/11/16 15:00,47,126,31,17.4,41
΢վ2,2022/11/16 16:00,46,125,34,17,47
΢վ2,2022/11/16 17:00,45,121,31,16.9,52
΢վ2,2022/11/16 18:00,48,129,38,16.3,60
΢վ2,2022/11/16 19:00,58,149,41,14.7,77
΢վ2,2022/11/16 20:00,50,125,37,14,83
΢վ2,2022/11/16 21:00,56,141,35,13.8,86
΢վ2,2022/11/16 22:00,58,142,33,13.7,89
΢վ2,2022/11/16 23:00,56,139,33,13.7,90
΢վ2,2022/11/17 0:00,59,143,33,13.9,91
΢վ2,2022/11/17 1:00,54,131,33,14,93
΢վ2,2022/11/17 2:00,38,92,31,14.1,93
΢վ2,2022/11/17 3:00,31,76,29,14.3,92
΢վ2,2022/11/17 4:00,23,57,28,14.3,93
΢վ2,2022/11/17 5:00,17,43,28,14.6,93
΢վ2,2022/11/17 6:00,11,28,27,14.4,93
΢վ2,2022/11/17 7:00,8,22,28,14.4,93
΢վ2,2022/11/17 8:00,8,24,28,14.6,93
΢վ2,2022/11/17 9:00,6,18,27,14.6,92
΢վ2,2022/11/17 10:00,8,23,28,14.4,92
΢վ2,2022/11/17 11:00,8,24,28,14.4,92
΢վ2,2022/11/17 12:00,6,18,28,14.4,92
΢վ2,2022/11/17 13:00,5,16,27,14.4,92
΢վ2,2022/11/17 14:00,5,16,27,14.2,93
΢վ2,2022/11/17 15:00,8,22,28,14,93
΢վ2,2022/11/17 16:00,11,29,28,14,92
΢վ2,2022/11/17 17:00,14,38,29,14.1,93
΢վ2,2022/11/17 18:00,10,29,25,14.5,89
΢վ2,2022/11/17 19:00,9,27,27,14.9,87
΢վ2,2022/11/17 20:00,10,30,27,15.1,88
΢վ2,2022/11/17 21:00,10,30,28,15,89
΢վ2,2022/11/17 22:00,10,31,26,15.2,88
΢վ2,2022/11/17 23:00,17,45,28,15.2,89
΢վ2,2022/11/18 0:00,15,42,26,15.2,88
΢վ2,2022/11/18 1:00,11,32,25,15.6,86
΢վ2,2022/11/18 2:00,10,30,25,16,84
΢վ2,2022/11/18 3:00,10,30,25,16.3,83
΢վ2,2022/11/18 4:00,17,45,31,15.7,89
΢վ2,2022/11/18 5:00,17,45,29,15.4,91
΢վ2,2022/11/18 6:00,16,44,28,15.5,91
΢վ2,2022/11/18 7:00,20,54,28,16.1,90
΢վ2,2022/11/18 8:00,19,52,27,16.7,89
΢վ2,2022/11/18 9:00,18,51,25,17.6,86
΢վ2,2022/11/18 10:00,17,46,21,18.6,80
΢վ2,2022/11/18 11:00,16,45,24,19,79
΢վ2,2022/11/18 12:00,14,40,25,19.5,77
΢վ2,2022/11/18 13:00,15,42,25,19.6,77
΢վ2,2022/11/18 14:00,18,45,67,19.3,80
΢վ2,2022/11/18 15:00,19,35,30,19,82
΢վ2,2022/11/18 16:00,20,37,30,18.6,83
΢վ2,2022/11/18 17:00,25,45,32,18.3,85
΢վ2,2022/11/18 18:00,27,49,31,18.2,86
΢վ2,2022/11/18 19:00,29,51,33,17.9,88
΢վ2,2022/11/18 20:00,30,52,31,17.5,90
΢վ2,2022/11/18 21:00,30,52,30,17.5,90
΢վ2,2022/11/18 22:00,31,52,28,17.4,90
΢վ2,2022/11/18 23:00,32,54,31,17.3,91
΢վ2,2022/11/19 0:00,32,54,29,17.4,91
΢վ2,2022/11/19 1:00,35,59,28,17.7,89
΢վ2,2022/11/19 2:00,30,50,28,17.3,91
΢վ2,2022/11/19 3:00,29,49,28,17.8,88
΢վ2,2022/11/19 4:00,30,50,28,17.5,89
΢վ2,2022/11/19 5:00,30,48,30,17.3,91
΢վ2,2022/11/19 6:00,31,50,31,17.1,92
΢վ2,2022/11/19 7:00,31,50,31,17.3,92
΢վ2,2022/11/19 8:00,31,52,29,17.8,91
΢վ2,2022/11/19 9:00,31,51,25,18.8,86
΢վ2,2022/11/19 10:00,32,52,32,18.8,86
΢վ2,2022/11/19 11:00,32,51,36,18.8,88
΢վ2,2022/11/19 12:00,38,60,36,18.4,90
΢վ2,2022/11/19 13:00,39,62,28,18.7,88
΢վ2,2022/11/19 14:00,32,51,28,18.8,86
΢վ2,2022/11/19 15:00,39,62,32,18.8,85
΢վ2,2022/11/19 16:00,40,64,31,18.6,85
΢վ2,2022/11/19 17:00,49,78,34,18,87
΢վ2,2022/11/19 18:00,50,80,32,18,86
΢վ2,2022/11/19 19:00,53,85,29,17.7,86
΢վ2,2022/11/19 20:00,66,106,30,17,88
΢վ2,2022/11/19 21:00,65,104,28,17,85
΢վ2,2022/11/19 22:00,66,105,25,16.9,84
΢վ2,2022/11/19 23:00,55,87,26,16.8,82
΢վ2,2022/11/20 0:00,51,81,27,16.7,82
΢վ2,2022/11/20 1:00,54,86,28,16.6,82
΢վ2,2022/11/20 2:00,67,107,28,16.4,83
΢վ2,2022/11/20 3:00,65,104,27,16.2,84
΢վ2,2022/11/20 4:00,56,90,26,16.3,83
΢վ2,2022/11/20 5:00,57,90,23,16,82
΢վ2,2022/11/20 6:00,38,61,25,16.1,80
΢վ2,2022/11/20 7:00,37,61,28,16.5,79
΢վ2,2022/11/20 8:00,38,62,22,17.1,76
΢վ2,2022/11/20 9:00,36,59,16,17.7,71
΢վ2,2022/11/20 10:00,27,44,17,18.4,66
΢վ2,2022/11/20 11:00,31,51,32,17.6,70
΢վ2,2022/11/20 12:00,36,60,29,17.8,71
΢վ2,2022/11/20 13:00,34,56,23,18.5,67
΢վ2,2022/11/20 14:00,29,47,23,18.9,66
΢վ2,2022/11/20 15:00,31,52,29,18.7,66
΢վ2,2022/11/20 16:00,32,54,32,18.4,67
΢վ2,2022/11/20 17:00,40,69,39,17.9,71
΢վ2,2022/11/20 18:00,41,70,32,17.9,72
΢վ2,2022/11/20 19:00,45,75,33,17.8,73
΢վ2,2022/11/20 20:00,48,82,35,17.6,76
΢վ2,2022/11/20 21:00,50,87,36,17.4,78
΢վ2,2022/11/20 22:00,50,84,33,17.6,78
΢վ2,2022/11/20 23:00,50,84,32,17.5,78
΢վ2,2022/11/21 0:00,50,82,31,17,81
΢վ2,2022/11/21 1:00,54,89,40,16.1,84
΢վ2,2022/11/21 2:00,53,87,30,16.2,83
΢վ2,2022/11/21 3:00,52,88,31,16.2,83
΢վ2,2022/11/21 4:00,55,95,33,15.7,86
΢վ2,2022/11/21 5:00,60,101,34,15.1,87
΢վ2,2022/11/21 6:00,60,100,36,14.6,89
΢վ2,2022/11/21 7:00,60,101,33,15.2,88
΢վ2,2022/11/21 8:00,56,93,15,18,78
΢վ2,2022/11/21 9:00,46,74,8,18.8,71
΢վ2,2022/11/21 10:00,34,54,17,19.7,63
΢վ2,2022/11/21 11:00,29,47,22,20.6,61
΢վ2,2022/11/21 12:00,22,36,22,21.2,59
΢վ2,2022/11/21 13:00,22,37,21,21.4,58
΢վ2,2022/11/21 14:00,25,41,23,21.8,55
΢վ2,2022/11/21 15:00,26,43,31,21.4,58
΢վ2,2022/11/21 16:00,31,54,41,20.9,61
΢վ2,2022/11/21 17:00,42,76,42,20.3,65
΢վ2,2022/11/21 18:00,38,69,40,19.4,71
΢վ2,2022/11/21 19:00,25,46,44,18.9,76
΢վ2,2022/11/21 20:00,27,48,34,19,76
΢վ2,2022/11/21 21:00,38,66,36,18.8,74
΢վ2,2022/11/21 22:00,45,75,37,18.1,77
΢վ2,2022/11/21 23:00,50,83,39,17.9,80
΢վ2,2022/11/22 0:00,36,62,42,17.7,84
΢վ2,2022/11/22 1:00,29,51,36,17.7,86
΢վ2,2022/11/22 2:00,33,56,35,17.1,89
΢վ2,2022/11/22 3:00,35,57,32,16.9,90
΢վ2,2022/11/22 4:00,42,67,32,16.7,91
΢վ2,2022/11/22 5:00,36,58,26,16,89
΢վ2,2022/11/22 6:00,37,60,28,15.9,89
΢վ2,2022/11/22 7:00,29,47,27,16.1,86
΢վ2,2022/11/22 8:00,27,45,31,16.1,86
΢վ2,2022/11/22 9:00,24,40,29,16.1,87
΢վ2,2022/11/22 10:00,31,52,38,16.6,88
΢վ2,2022/11/22 11:00,46,73,35,17.2,89
΢վ2,2022/11/22 12:00,36,57,29,17.4,89
΢վ2,2022/11/22 13:00,32,51,29,17.1,87
΢վ2,2022/11/22 14:00,16,26,33,16.4,88
΢վ2,2022/11/22 15:00,12,21,29,16.5,86
΢վ2,2022/11/22 16:00,11,20,27,16.5,85
΢վ2,2022/11/22 17:00,13,23,27,16.4,84
΢վ2,2022/11/22 18:00,15,25,30,16.3,85
΢վ2,2022/11/22 19:00,14,24,31,15.5,90
΢վ2,2022/11/22 20:00,7,13,24,14.8,88
΢վ2,2022/11/22 21:00,7,14,29,15.1,85
΢վ2,2022/11/22 22:00,11,20,27,15.4,85
΢վ2,2022/11/22 23:00,16,26,27,15.5,85
΢վ2,2022/11/23 0:00,21,35,28,15.4,85
΢վ2,2022/11/23 1:00,24,39,28,15.4,86
΢վ2,2022/11/23 2:00,25,41,26,15.3,85
΢վ2,2022/11/23 3:00,25,41,25,15.3,84
΢վ2,2022/11/23 4:00,25,42,26,15.2,84
΢վ2,2022/11/23 5:00,26,43,26,15.3,84
΢վ2,2022/11/23 6:00,26,43,26,15.3,83
΢վ2,2022/11/23 7:00,29,49,29,15.2,84
΢վ2,2022/11/23 8:00,30,50,26,15.7,82
΢վ2,2022/11/23 9:00,26,45,22,16.6,78
΢վ2,2022/11/23 10:00,25,42,19,17.2,73
΢վ2,2022/11/23 11:00,24,40,20,17.6,70
΢վ2,2022/11/23 12:00,22,37,14,19.4,62
΢վ2,2022/11/23 13:00,18,31,26,18.3,64
΢վ2,2022/11/23 14:00,16,29,24,18.6,62
΢վ2,2022/11/23 15:00,13,27,29,18.4,63
΢վ2,2022/11/23 16:00,12,27,33,17.8,68
΢վ2,2022/11/23 17:00,13,32,34,17.9,67
΢վ2,2022/11/23 18:00,20,45,38,17.8,69
΢վ2,2022/11/23 19:00,20,44,38,16.6,74
΢վ2,2022/11/23 20:00,21,47,40,15.9,78
΢վ2,2022/11/23 21:00,24,52,38,15.5,80
΢վ2,2022/11/23 22:00,19,40,38,14.9,82
΢վ2,2022/11/23 23:00,18,38,39,13.9,86
΢վ2,2022/11/24 0:00,18,38,34,14.2,84
΢վ2,2022/11/24 1:00,19,39,32,14.1,85
΢վ2,2022/11/24 2:00,20,42,31,14.1,85
΢վ2,2022/11/24 3:00,22,45,31,13.8,87
΢վ2,2022/11/24 4:00,23,46,31,14,87
΢վ2,2022/11/24 5:00,23,46,32,14.3,86
΢վ2,2022/11/24 6:00,23,48,30,14.5,84
΢վ2,2022/11/24 7:00,24,50,31,14.9,82
΢վ2,2022/11/24 8:00,24,51,27,15.7,79
΢վ2,2022/11/24 9:00,21,45,21,16.7,73
΢վ2,2022/11/24 10:00,15,33,12,18,62
΢վ2,2022/11/24 11:00,12,28,15,19.5,54
΢վ2,2022/11/24 12:00,11,27,17,20.1,52
΢վ2,2022/11/24 13:00,11,27,20,20.6,50
΢վ2,2022/11/24 14:00,12,29,24,20.5,49
΢վ2,2022/11/24 15:00,15,35,32,20.3,50
΢վ2,2022/11/24 16:00,13,35,35,19.1,51
΢վ2,2022/11/24 17:00,20,51,44,17.6,58
΢վ2,2022/11/24 18:00,21,52,41,16.9,60
΢վ2,2022/11/24 19:00,23,64,44,16.3,63
΢վ2,2022/11/24 20:00,24,65,42,15.8,65
΢վ2,2022/11/24 21:00,24,62,44,15.1,70
΢վ2,2022/11/24 22:00,22,58,42,15,71
΢վ2,2022/11/24 23:00,23,56,43,14.7,75
΢վ2,2022/11/25 0:00,25,61,41,14.5,78
΢վ2,2022/11/25 1:00,27,63,42,14,81
΢վ2,2022/11/25 2:00,26,58,40,13.8,82
΢վ2,2022/11/25 3:00,28,62,37,14.1,81
΢վ2,2022/11/25 4:00,25,55,36,14.6,81
΢վ2,2022/11/25 5:00,24,51,36,14.9,81
΢վ2,2022/11/25 6:00,23,50,37,14.7,83
΢վ2,2022/11/25 7:00,24,59,31,15.8,79
΢վ2,2022/11/25 8:00,20,49,23,17.5,74
΢վ2,2022/11/25 9:00,18,40,15,19.3,68
΢վ2,2022/11/25 10:00,18,38,17,21.3,60
΢վ2,2022/11/25 11:00,16,36,24,21.9,59
΢վ2,2022/11/25 12:00,16,34,32,20.9,63
΢վ2,2022/11/25 13:00,18,40,33,20.6,65
΢վ2,2022/11/25 14:00,23,49,31,20.5,65
΢վ2,2022/11/25 15:00,26,55,29,20.8,62
΢վ2,2022/11/25 16:00,29,65,42,20.1,66
΢վ2,2022/11/25 17:00,32,71,42,19.2,69
΢վ2,2022/11/25 18:00,29,62,44,18.6,70
΢վ2,2022/11/25 19:00,33,73,46,18.3,72
΢վ2,2022/11/25 20:00,37,82,43,17.9,74
΢վ2,2022/11/25 21:00,43,96,43,16.8,80
΢վ2,2022/11/25 22:00,45,96,45,16.6,81
΢վ2,2022/11/25 23:00,42,92,42,16.5,81
΢վ2,2022/11/26 0:00,44,96,35,16.9,79
΢վ2,2022/11/26 1:00,49,104,42,16.4,82
΢վ2,2022/11/26 2:00,51,104,39,16.7,80
΢վ2,2022/11/26 3:00,60,122,38,16.4,81
΢վ2,2022/11/26 4:00,64,129,39,15.8,83
΢վ2,2022/11/26 5:00,57,116,34,15.4,84
΢վ2,2022/11/26 6:00,60,122,36,15.5,84
΢վ2,2022/11/26 7:00,66,136,36,16.1,83
΢վ2,2022/11/26 8:00,61,126,24,19,72
΢վ2,2022/11/26 9:00,54,109,15,19.4,69
΢վ2,2022/11/26 10:00,54,108,30,19.5,68
΢վ2,2022/11/26 11:00,41,82,23,20.2,63
΢վ2,2022/11/26 12:00,35,69,22,20.2,61
΢վ2,2022/11/26 13:00,37,75,30,19.4,64
΢վ2,2022/11/26 14:00,26,53,20,19.7,60
΢վ2,2022/11/26 15:00,21,44,25,19.7,57
΢վ2,2022/11/26 16:00,26,54,36,19.2,61
΢վ2,2022/11/26 17:00,35,74,41,17.9,68
΢վ2,2022/11/26 18:00,29,61,36,17,71
΢վ2,2022/11/26 19:00,28,58,33,16.5,72
΢վ2,2022/11/26 20:00,29,61,37,15.8,75
΢վ2,2022/11/26 21:00,30,62,42,15.3,81
΢վ2,2022/11/26 22:00,30,63,37,15,83
΢վ2,2022/11/26 23:00,34,70,37,14.9,83
΢վ2,2022/11/27 0:00,37,76,38,14.9,84
΢վ2,2022/11/27 1:00,35,71,37,14.4,87
΢վ2,2022/11/27 2:00,34,71,40,14.5,88
΢վ2,2022/11/27 3:00,34,70,33,14.7,88
΢վ2,2022/11/27 4:00,34,69,31,14.8,89
΢վ2,2022/11/27 5:00,36,71,31,14.7,90
΢վ2,2022/11/27 6:00,36,72,32,14.8,90
΢վ2,2022/11/27 7:00,31,61,24,15.7,85
΢վ2,2022/11/27 8:00,24,50,20,16.7,78
΢վ2,2022/11/27 9:00,19,42,21,18.3,72
΢վ2,2022/11/27 10:00,15,34,16,19.4,67
΢վ2,2022/11/27 11:00,14,32,22,19.7,66
΢վ2,2022/11/27 12:00,13,30,25,19.9,65
΢վ2,2022/11/27 13:00,13,29,25,20,64
΢վ2,2022/11/27 14:00,12,27,24,20.1,63
΢վ2,2022/11/27 15:00,13,29,28,20,64
΢վ2,2022/11/27 16:00,15,33,30,19.8,65
΢վ2,2022/11/27 17:00,18,42,35,19,68
΢վ2,2022/11/27 18:00,20,43,36,18.5,72
΢վ2,2022/11/27 19:00,22,49,38,18.1,74
΢վ2,2022/11/27 20:00,24,53,37,17.8,77
΢վ2,2022/11/27 21:00,20,46,37,17.7,79
΢վ2,2022/11/27 22:00,18,41,36,17.9,79
΢վ2,2022/11/27 23:00,19,40,32,17.9,81
΢վ2,2022/11/28 0:00,17,36,32,17.7,82
΢վ2,2022/11/28 1:00,20,40,34,17.3,84
΢վ2,2022/11/28 2:00,17,35,29,17.7,82
΢վ2,2022/11/28 3:00,18,36,31,17.4,83
΢վ2,2022/11/28 4:00,18,36,33,17,85
΢վ2,2022/11/28 5:00,16,33,35,17.5,87
΢վ2,2022/11/28 6:00,14,28,30,18.1,87
΢վ2,2022/11/28 7:00,13,27,26,18.9,85
΢վ2,2022/11/28 8:00,11,24,22,20,81
΢վ2,2022/11/28 9:00,10,24,25,20.7,79
΢վ2,2022/11/28 10:00,10,24,21,22.3,73
΢վ2,2022/11/28 11:00,9,23,20,23.3,69
΢վ2,2022/11/28 12:00,9,23,31,22.7,73
΢վ2,2022/11/28 13:00,11,25,45,21.6,83
΢վ2,2022/11/28 14:00,11,25,43,20.9,86
΢վ2,2022/11/28 15:00,13,29,36,20.3,88
΢վ2,2022/11/28 16:00,14,30,34,20.1,88
΢վ2,2022/11/28 17:00,13,28,34,19.4,90
΢վ2,2022/11/28 18:00,15,30,33,19.1,89
΢վ2,2022/11/28 19:00,20,39,33,19.2,88
΢վ2,2022/11/28 20:00,22,43,30,19.1,87
΢վ2,2022/11/28 21:00,21,41,33,18.7,89
΢վ2,2022/11/28 22:00,25,48,28,18.6,87
΢վ2,2022/11/28 23:00,37,70,31,18.3,88
΢վ2,2022/11/29 0:00,36,69,31,18.1,88
΢վ2,2022/11/29 1:00,36,68,28,18.1,88
΢վ2,2022/11/29 2:00,15,29,21,16,91
΢վ2,2022/11/29 3:00,9,18,30,14.7,91
΢վ2,2022/11/29 4:00,6,13,24,14.8,88
΢վ2,2022/11/29 5:00,6,13,25,14.7,86
΢վ2,2022/11/29 6:00,6,13,28,14.1,90
΢վ2,2022/11/29 7:00,6,14,27,13.7,91
΢վ2,2022/11/29 8:00,7,16,24,13.5,89
΢վ2,2022/11/29 9:00,16,36,22,13.1,86
΢վ2,2022/11/29 10:00,20,47,26,12.3,87
΢վ2,2022/11/29 11:00,21,50,27,11.8,87
΢վ2,2022/11/29 12:00,18,43,22,10.6,87
΢վ2,2022/11/29 13:00,20,46,28,10.3,88
΢վ2,2022/11/29 14:00,22,54,25,10.5,83
΢վ2,2022/11/29 15:00,23,59,22,10.7,81
΢վ2,2022/11/29 16:00,25,66,27,9.8,85
΢վ2,2022/11/29 17:00,25,66,29,9.4,86
΢վ2,2022/11/29 18:00,21,53,28,8.9,88
΢վ2,2022/11/29 19:00,17,43,23,8.3,88
΢վ2,2022/11/29 20:00,16,42,22,7,86
΢վ2,2022/11/29 21:00,12,30,26,5.9,87
΢վ2,2022/11/29 22:00,13,29,26,5.3,86
΢վ2,2022/11/29 23:00,13,30,25,4.5,86
΢վ2,2022/11/30 0:00,12,28,25,3.9,86
΢վ2,2022/11/30 1:00,12,26,27,2.9,88
΢վ2,2022/11/30 2:00,14,32,28,2.7,88
΢վ2,2022/11/30 3:00,14,33,23,2.2,87
΢վ2,2022/11/30 4:00,11,31,19,2.5,78
΢վ2,2022/11/30 5:00,10,30,17,2.7,68
΢վ2,2022/11/30 6:00,9,28,22,2.5,66
΢վ2,2022/11/30 7:00,9,29,24,2.4,65
΢վ2,2022/11/30 8:00,9,30,23,2.9,62
΢վ2,2022/11/30 9:00,9,29,24,2.8,61
΢վ2,2022/11/30 10:00,9,27,25,2.9,61
΢վ2,2022/11/30 11:00,9,25,26,3.2,61
΢վ2,2022/11/30 12:00,9,26,26,3,62
΢վ2,2022/11/30 13:00,10,28,27,3.1,63
΢վ2,2022/11/30 14:00,11,28,29,3.1,64
΢վ2,2022/11/30 15:00,12,30,30,3.1,66
΢վ2,2022/11/30 16:00,12,31,29,2.8,67
΢վ2,2022/11/30 17:00,12,31,30,2.9,67
΢վ2,2022/11/30 18:00,11,30,28,3,66
΢վ2,2022/11/30 19:00,12,31,28,2.8,67
΢վ2,2022/11/30 20:00,13,32,28,2.9,68
΢վ2,2022/11/30 21:00,12,30,25,2.7,66
΢վ2,2022/11/30 22:00,11,29,26,2.6,64
΢վ2,2022/11/30 23:00,11,28,27,2.5,64
