站点,time,PM2.5,PM10,NO2,temperature,humidity
微站1,2022/11/30 23:00,12,30,25,3.7,63
微站1,2022/11/30 22:00,12,30,25,3.7,64
微站1,2022/11/30 21:00,13,30,24,3.8,65
微站1,2022/11/30 20:00,14,33,27,4,67
微站1,2022/11/30 19:00,14,32,28,3.9,66
微站1,2022/11/30 18:00,12,31,29,4,66
微站1,2022/11/30 17:00,13,31,31,4,66
微站1,2022/11/30 16:00,13,31,36,4,66
微站1,2022/11/30 15:00,13,30,37,4.3,65
微站1,2022/11/30 14:00,12,30,37,4.3,64
微站1,2022/11/30 13:00,11,28,34,4.4,62
微站1,2022/11/30 12:00,10,26,33,4.2,61
微站1,2022/11/30 11:00,10,27,31,4.4,60
微站1,2022/11/30 10:00,10,27,30,4.1,60
微站1,2022/11/30 9:00,10,29,29,3.9,61
微站1,2022/11/30 8:00,10,30,27,3.8,62
微站1,2022/11/30 7:00,10,30,29,3.4,65
微站1,2022/11/30 6:00,10,29,25,3.5,67
微站1,2022/11/30 5:00,11,32,17,3.7,69
微站1,2022/11/30 4:00,12,32,20,3.4,79
微站1,2022/11/30 3:00,15,34,24,3.2,87
微站1,2022/11/30 2:00,15,32,30,3.7,88
微站1,2022/11/30 1:00,12,26,29,3.9,87
微站1,2022/11/30 0:00,12,29,28,4.9,86
微站1,2022/11/29 23:00,15,31,28,5.5,86
微站1,2022/11/29 22:00,14,30,28,6.3,86
微站1,2022/11/29 21:00,13,32,31,6.8,87
微站1,2022/11/29 20:00,17,43,27,7.9,86
微站1,2022/11/29 19:00,18,44,25,9.2,88
微站1,2022/11/29 18:00,22,54,30,9.7,88
微站1,2022/11/29 17:00,26,67,33,10.3,86
微站1,2022/11/29 16:00,26,68,32,10.6,85
微站1,2022/11/29 15:00,24,59,24,11.6,81
微站1,2022/11/29 14:00,23,55,26,11.4,83
微站1,2022/11/29 13:00,20,47,32,11.2,87
微站1,2022/11/29 12:00,18,44,25,11.6,87
微站1,2022/11/29 11:00,22,51,31,12.9,86
微站1,2022/11/29 10:00,21,48,29,13.2,87
微站1,2022/11/29 9:00,17,36,25,14,86
微站1,2022/11/29 8:00,8,17,25,14.5,88
微站1,2022/11/29 7:00,8,15,30,14.8,90
微站1,2022/11/29 6:00,7,14,29,15.1,88
微站1,2022/11/29 5:00,7,14,25,15.7,86
微站1,2022/11/29 4:00,7,14,25,15.7,87
微站1,2022/11/29 3:00,10,20,35,15.6,90
微站1,2022/11/29 2:00,17,32,28,17.1,89
微站1,2022/11/29 1:00,40,74,31,19.1,86
微站1,2022/11/29 0:00,42,76,36,19.3,86
微站1,2022/11/28 23:00,42,76,38,19.3,86
微站1,2022/11/28 22:00,29,52,32,19.5,86
微站1,2022/11/28 21:00,24,45,42,19.7,88
微站1,2022/11/28 20:00,25,47,38,20.1,86
微站1,2022/11/28 19:00,22,42,39,20.3,87
微站1,2022/11/28 18:00,17,33,43,20,88
微站1,2022/11/28 17:00,15,30,42,20.2,89
微站1,2022/11/28 16:00,16,32,43,20.8,88
微站1,2022/11/28 15:00,15,30,40,21.2,87
微站1,2022/11/28 14:00,13,26,47,21.9,84
微站1,2022/11/28 13:00,12,25,51,22.5,82
微站1,2022/11/28 12:00,10,24,43,23.5,73
微站1,2022/11/28 11:00,10,23,20,23.9,71
微站1,2022/11/28 10:00,11,24,20,22.9,74
微站1,2022/11/28 9:00,11,24,28,21.5,79
微站1,2022/11/28 8:00,12,24,21,20.7,82
微站1,2022/11/28 7:00,14,28,24,19.7,85
微站1,2022/11/28 6:00,15,30,28,18.8,87
微站1,2022/11/28 5:00,18,34,35,18.3,87
微站1,2022/11/28 4:00,20,38,38,17.9,84
微站1,2022/11/28 3:00,20,38,36,18.3,82
微站1,2022/11/28 2:00,19,37,33,18.6,82
微站1,2022/11/28 1:00,22,42,39,18.3,83
微站1,2022/11/28 0:00,19,37,37,18.6,81
微站1,2022/11/27 23:00,20,41,38,18.8,80
微站1,2022/11/27 22:00,20,41,44,18.8,79
微站1,2022/11/27 21:00,22,46,49,18.6,78
微站1,2022/11/27 20:00,26,53,47,18.8,76
微站1,2022/11/27 19:00,24,49,47,19,74
微站1,2022/11/27 18:00,21,44,45,19.3,72
微站1,2022/11/27 17:00,20,42,45,19.9,68
微站1,2022/11/27 16:00,16,34,35,20.6,65
微站1,2022/11/27 15:00,14,30,33,20.7,64
微站1,2022/11/27 14:00,13,28,29,20.8,64
微站1,2022/11/27 13:00,14,30,31,20.7,65
微站1,2022/11/27 12:00,14,30,32,20.6,66
微站1,2022/11/27 11:00,15,32,30,20.4,67
微站1,2022/11/27 10:00,16,34,20,20,69
微站1,2022/11/27 9:00,21,43,24,19,72
微站1,2022/11/27 8:00,26,51,21,17.5,78
微站1,2022/11/27 7:00,32,62,23,16.5,85
微站1,2022/11/27 6:00,38,72,35,15.7,90
微站1,2022/11/27 5:00,38,71,33,15.6,89
微站1,2022/11/27 4:00,36,69,32,15.6,88
微站1,2022/11/27 3:00,36,70,38,15.5,88
微站1,2022/11/27 2:00,36,71,49,15.3,87
微站1,2022/11/27 1:00,36,71,47,15.3,86
微站1,2022/11/27 0:00,38,77,48,15.7,84
微站1,2022/11/26 23:00,36,71,48,15.7,83
微站1,2022/11/26 22:00,32,64,45,15.6,84
微站1,2022/11/26 21:00,31,62,51,16,81
微站1,2022/11/26 20:00,30,61,44,16.6,75
微站1,2022/11/26 19:00,29,58,39,17.3,72
微站1,2022/11/26 18:00,30,61,43,17.8,71
微站1,2022/11/26 17:00,36,74,54,18.8,67
微站1,2022/11/26 16:00,27,54,48,20,61
微站1,2022/11/26 15:00,22,44,30,20.5,58
微站1,2022/11/26 14:00,28,54,22,20.4,60
微站1,2022/11/26 13:00,38,75,44,20.3,64
微站1,2022/11/26 12:00,35,67,32,21.8,59
微站1,2022/11/26 11:00,42,80,37,21.7,61
微站1,2022/11/26 10:00,53,103,48,21.2,65
微站1,2022/11/26 9:00,56,109,23,20.9,67
微站1,2022/11/26 8:00,65,130,37,20.4,71
微站1,2022/11/26 7:00,66,132,48,17.6,80
微站1,2022/11/26 6:00,61,121,48,16.9,81
微站1,2022/11/26 5:00,59,116,48,16.7,81
微站1,2022/11/26 4:00,64,125,54,17.1,81
微站1,2022/11/26 3:00,61,120,54,17.6,79
微站1,2022/11/26 2:00,51,101,54,17.8,79
微站1,2022/11/26 1:00,50,102,60,17.6,80
微站1,2022/11/26 0:00,45,94,50,18.2,77
微站1,2022/11/25 23:00,43,90,60,17.9,78
微站1,2022/11/25 22:00,46,96,66,17.9,79
微站1,2022/11/25 21:00,43,93,60,18.1,77
微站1,2022/11/25 20:00,37,79,61,19.2,72
微站1,2022/11/25 19:00,34,71,64,19.5,71
微站1,2022/11/25 18:00,30,60,60,19.9,68
微站1,2022/11/25 17:00,32,66,60,20.5,67
微站1,2022/11/25 16:00,30,63,62,21.4,64
微站1,2022/11/25 15:00,27,55,41,21.7,62
微站1,2022/11/25 14:00,24,50,40,21.4,66
微站1,2022/11/25 13:00,20,41,43,21.5,65
微站1,2022/11/25 12:00,17,35,44,21.8,63
微站1,2022/11/25 11:00,18,37,38,22.4,60
微站1,2022/11/25 10:00,19,40,26,21.4,63
微站1,2022/11/25 9:00,19,41,24,19.7,70
微站1,2022/11/25 8:00,21,47,27,18.2,74
微站1,2022/11/25 7:00,24,55,38,16.9,78
微站1,2022/11/25 6:00,24,49,48,15.7,82
微站1,2022/11/25 5:00,24,51,48,15.9,80
微站1,2022/11/25 4:00,26,54,47,15.4,81
微站1,2022/11/25 3:00,28,61,50,15,81
微站1,2022/11/25 2:00,26,57,52,14.6,83
微站1,2022/11/25 1:00,28,62,57,14.6,82
微站1,2022/11/25 0:00,25,59,55,15.2,78
微站1,2022/11/24 23:00,23,54,58,15.4,75
微站1,2022/11/24 22:00,23,56,57,15.8,71
微站1,2022/11/24 21:00,25,60,60,15.9,70
微站1,2022/11/24 20:00,25,61,59,16.6,65
微站1,2022/11/24 19:00,23,60,61,17.2,63
微站1,2022/11/24 18:00,21,50,59,17.8,60
微站1,2022/11/24 17:00,21,48,65,18.6,57
微站1,2022/11/24 16:00,14,33,52,20.1,51
微站1,2022/11/24 15:00,15,33,47,21,50
微站1,2022/11/24 14:00,13,29,38,20.9,51
微站1,2022/11/24 13:00,12,27,33,20.9,52
微站1,2022/11/24 12:00,12,27,33,20.6,54
微站1,2022/11/24 11:00,13,28,20,20,56
微站1,2022/11/24 10:00,16,33,16,18.5,64
微站1,2022/11/24 9:00,22,44,28,17.4,74
微站1,2022/11/24 8:00,24,50,34,16.5,79
微站1,2022/11/24 7:00,24,49,40,15.8,81
微站1,2022/11/24 6:00,24,48,39,15.5,83
微站1,2022/11/24 5:00,24,46,41,15.2,86
微站1,2022/11/24 4:00,24,46,35,14.9,86
微站1,2022/11/24 3:00,23,44,36,14.9,85
微站1,2022/11/24 2:00,22,42,38,15.3,83
微站1,2022/11/24 1:00,20,38,38,15.4,83
微站1,2022/11/24 0:00,19,38,41,15.5,82
微站1,2022/11/23 23:00,19,37,48,14.9,84
微站1,2022/11/23 22:00,19,39,51,16,81
微站1,2022/11/23 21:00,25,51,50,16.2,80
微站1,2022/11/23 20:00,22,45,51,16.9,77
微站1,2022/11/23 19:00,21,43,52,17.7,73
微站1,2022/11/23 18:00,20,43,51,19.2,67
微站1,2022/11/23 17:00,14,31,44,19.4,65
微站1,2022/11/23 16:00,13,27,43,19.1,66
微站1,2022/11/23 15:00,13,26,37,19.7,62
微站1,2022/11/23 14:00,17,28,32,20.2,60
微站1,2022/11/23 13:00,20,30,44,19.6,63
微站1,2022/11/23 12:00,24,37,16,21,60
微站1,2022/11/23 11:00,26,41,27,19.4,67
微站1,2022/11/23 10:00,26,42,21,18.8,71
微站1,2022/11/23 9:00,28,44,25,18.3,74
微站1,2022/11/23 8:00,32,49,29,17.2,80
微站1,2022/11/23 7:00,31,48,34,16.6,82
微站1,2022/11/23 6:00,28,43,29,16.5,82
微站1,2022/11/23 5:00,28,44,28,16.5,82
微站1,2022/11/23 4:00,27,42,27,16.5,82
微站1,2022/11/23 3:00,26,41,27,16.5,82
微站1,2022/11/23 2:00,26,41,28,16.6,83
微站1,2022/11/23 1:00,26,40,30,16.5,84
微站1,2022/11/23 0:00,23,34,31,16.5,84
微站1,2022/11/22 23:00,18,27,29,16.6,83
微站1,2022/11/22 22:00,13,20,29,16.5,84
微站1,2022/11/22 21:00,9,14,31,16.4,84
微站1,2022/11/22 20:00,9,14,26,15.8,87
微站1,2022/11/22 19:00,17,25,35,16.7,88
微站1,2022/11/22 18:00,17,26,34,17.4,84
微站1,2022/11/22 17:00,16,23,31,17.5,82
微站1,2022/11/22 16:00,14,21,32,17.6,82
微站1,2022/11/22 15:00,14,22,34,17.5,85
微站1,2022/11/22 14:00,18,27,44,17.2,88
微站1,2022/11/22 13:00,34,51,38,18,86
微站1,2022/11/22 12:00,39,59,35,18.4,87
微站1,2022/11/22 11:00,49,74,47,18.2,88
微站1,2022/11/22 10:00,33,51,44,18.2,84
微站1,2022/11/22 9:00,26,39,33,17.6,84
微站1,2022/11/22 8:00,29,45,37,17.1,85
微站1,2022/11/22 7:00,31,47,30,16.9,86
微站1,2022/11/22 6:00,39,58,29,16.6,89
微站1,2022/11/22 5:00,37,56,27,16.7,89
微站1,2022/11/22 4:00,43,66,32,17.4,91
微站1,2022/11/22 3:00,37,56,34,17.9,89
微站1,2022/11/22 2:00,34,55,39,18,88
微站1,2022/11/22 1:00,31,49,45,18.7,85
微站1,2022/11/22 0:00,37,60,52,18.5,84
微站1,2022/11/21 23:00,51,80,48,18.8,80
微站1,2022/11/21 22:00,46,73,46,19,77
微站1,2022/11/21 21:00,39,64,48,19.8,74
微站1,2022/11/21 20:00,28,46,40,19.8,76
微站1,2022/11/21 19:00,26,45,52,19.7,76
微站1,2022/11/21 18:00,39,66,48,20.4,70
微站1,2022/11/21 17:00,43,73,54,21.6,63
微站1,2022/11/21 16:00,32,53,53,22.1,60
微站1,2022/11/21 15:00,28,43,37,22.2,58
微站1,2022/11/21 14:00,27,42,33,22.3,56
微站1,2022/11/21 13:00,24,37,29,21.9,59
微站1,2022/11/21 12:00,24,36,30,21.7,60
微站1,2022/11/21 11:00,31,47,33,21.2,62
微站1,2022/11/21 10:00,35,53,26,20.6,64
微站1,2022/11/21 9:00,48,73,6,19.7,71
微站1,2022/11/21 8:00,61,96,11,19.2,77
微站1,2022/11/21 7:00,61,98,37,16.3,86
微站1,2022/11/21 6:00,61,97,42,15.8,87
微站1,2022/11/21 5:00,60,97,44,16.2,86
微站1,2022/11/21 4:00,55,90,43,16.9,84
微站1,2022/11/21 3:00,53,84,38,17.5,81
微站1,2022/11/21 2:00,53,83,35,17.6,81
微站1,2022/11/21 1:00,55,86,50,17.3,82
微站1,2022/11/21 0:00,52,81,40,18.3,78
微站1,2022/11/20 23:00,52,83,41,18.9,76
微站1,2022/11/20 22:00,51,83,43,19.1,75
微站1,2022/11/20 21:00,52,83,45,18.8,76
微站1,2022/11/20 20:00,49,79,44,19.1,73
微站1,2022/11/20 19:00,46,72,41,19.3,71
微站1,2022/11/20 18:00,43,68,40,19.4,70
微站1,2022/11/20 17:00,42,67,51,19.3,69
微站1,2022/11/20 16:00,34,54,42,19.5,66
微站1,2022/11/20 15:00,34,52,39,19.7,65
微站1,2022/11/20 14:00,31,47,29,19.9,65
微站1,2022/11/20 13:00,37,57,26,19.7,67
微站1,2022/11/20 12:00,39,60,35,18.9,70
微站1,2022/11/20 11:00,34,51,46,18.6,69
微站1,2022/11/20 10:00,29,45,21,19.2,66
微站1,2022/11/20 9:00,39,59,19,18.6,71
微站1,2022/11/20 8:00,41,63,22,18,75
微站1,2022/11/20 7:00,40,62,33,17.5,78
微站1,2022/11/20 6:00,40,61,28,17.2,79
微站1,2022/11/20 5:00,59,90,25,17.1,81
微站1,2022/11/20 4:00,58,89,27,17.5,81
微站1,2022/11/20 3:00,67,102,29,17.3,83
微站1,2022/11/20 2:00,68,104,31,17.3,82
微站1,2022/11/20 1:00,56,85,32,17.6,82
微站1,2022/11/20 0:00,52,79,32,17.8,81
微站1,2022/11/19 23:00,56,85,31,17.8,82
微站1,2022/11/19 22:00,68,103,29,18,83
微站1,2022/11/19 21:00,66,102,33,18,85
微站1,2022/11/19 20:00,66,102,36,17.9,88
微站1,2022/11/19 19:00,55,83,36,18.7,85
微站1,2022/11/19 18:00,52,78,43,19,85
微站1,2022/11/19 17:00,50,76,46,19,86
微站1,2022/11/19 16:00,43,64,42,19.6,84
微站1,2022/11/19 15:00,41,62,42,19.9,84
微站1,2022/11/19 14:00,34,51,33,19.8,85
微站1,2022/11/19 13:00,42,63,32,19.7,87
微站1,2022/11/19 12:00,41,62,46,19.3,89
微站1,2022/11/19 11:00,35,53,48,19.9,86
微站1,2022/11/19 10:00,34,52,40,20.3,83
微站1,2022/11/19 9:00,33,51,32,20.3,83
微站1,2022/11/19 8:00,32,50,32,19.2,88
微站1,2022/11/19 7:00,32,49,34,18.7,89
微站1,2022/11/19 6:00,32,49,35,18.2,90
微站1,2022/11/19 5:00,31,48,33,18.4,89
微站1,2022/11/19 4:00,32,49,31,18.8,87
微站1,2022/11/19 3:00,31,48,30,18.9,87
微站1,2022/11/19 2:00,32,50,30,18.2,90
微站1,2022/11/19 1:00,36,58,29,18.6,88
微站1,2022/11/19 0:00,34,53,30,18.3,90
微站1,2022/11/18 23:00,33,52,33,18.3,90
微站1,2022/11/18 22:00,32,50,29,18.4,89
微站1,2022/11/18 21:00,31,50,31,18.4,89
微站1,2022/11/18 20:00,31,50,32,18.5,89
微站1,2022/11/18 19:00,30,49,36,18.7,88
微站1,2022/11/18 18:00,28,47,34,19.1,85
微站1,2022/11/18 17:00,26,43,35,19.1,85
微站1,2022/11/18 16:00,21,35,33,19.3,83
微站1,2022/11/18 15:00,18,34,33,19.8,82
微站1,2022/11/18 14:00,16,41,33,20.2,79
微站1,2022/11/18 13:00,14,38,28,20.3,77
微站1,2022/11/18 12:00,14,38,28,20.2,77
微站1,2022/11/18 11:00,15,41,27,19.7,79
微站1,2022/11/18 10:00,16,42,20,19.4,81
微站1,2022/11/18 9:00,17,46,25,18.5,85
微站1,2022/11/18 8:00,18,47,28,17.7,88
微站1,2022/11/18 7:00,19,49,28,17.2,89
微站1,2022/11/18 6:00,16,41,28,16.4,90
微站1,2022/11/18 5:00,16,42,29,16.5,90
微站1,2022/11/18 4:00,16,42,33,16.9,86
微站1,2022/11/18 3:00,10,28,25,17.2,82
微站1,2022/11/18 2:00,10,29,26,16.9,84
微站1,2022/11/18 1:00,11,30,26,16.6,85
微站1,2022/11/18 0:00,15,39,28,16.3,87
微站1,2022/11/17 23:00,16,41,29,16.4,87
微站1,2022/11/17 22:00,10,29,26,16.1,88
微站1,2022/11/17 21:00,10,28,28,15.9,89
微站1,2022/11/17 20:00,10,28,27,16.1,87
微站1,2022/11/17 19:00,9,26,27,15.7,87
微站1,2022/11/17 18:00,11,29,25,15.3,89
微站1,2022/11/17 17:00,14,37,29,15,92
微站1,2022/11/17 16:00,11,28,29,14.9,91
微站1,2022/11/17 15:00,8,22,29,14.8,92
微站1,2022/11/17 14:00,6,18,27,15,92
微站1,2022/11/17 13:00,6,17,27,15.2,92
微站1,2022/11/17 12:00,7,19,28,15.2,92
微站1,2022/11/17 11:00,9,24,28,15.2,92
微站1,2022/11/17 10:00,9,24,28,15.2,92
微站1,2022/11/17 9:00,7,19,27,15.4,91
微站1,2022/11/17 8:00,9,24,27,15.3,92
微站1,2022/11/17 7:00,9,23,27,15.2,93
微站1,2022/11/17 6:00,11,28,26,15.2,93
微站1,2022/11/17 5:00,17,41,27,15.4,92
微站1,2022/11/17 4:00,23,54,27,15.2,92
微站1,2022/11/17 3:00,30,71,28,15.1,92
微站1,2022/11/17 2:00,36,85,32,14.8,93
微站1,2022/11/17 1:00,51,119,35,14.7,92
微站1,2022/11/17 0:00,55,130,36,14.6,91
微站1,2022/11/16 23:00,53,126,33,14.6,89
微站1,2022/11/16 22:00,54,128,33,14.5,88
微站1,2022/11/16 21:00,53,127,36,14.5,86
微站1,2022/11/16 20:00,46,112,38,14.8,82
微站1,2022/11/16 19:00,54,133,46,15.5,76
微站1,2022/11/16 18:00,45,114,45,17.1,60
微站1,2022/11/16 17:00,43,109,37,17.7,52
微站1,2022/11/16 16:00,44,112,44,17.8,47
微站1,2022/11/16 15:00,44,114,43,18.1,41
微站1,2022/11/16 14:00,44,110,36,18,41
微站1,2022/11/16 13:00,43,109,36,18.1,40
微站1,2022/11/16 12:00,46,116,41,17.8,41
微站1,2022/11/16 11:00,44,109,34,17.8,40
微站1,2022/11/16 10:00,48,121,30,17.3,56
微站1,2022/11/16 9:00,56,142,30,15.8,64
微站1,2022/11/16 8:00,54,139,22,14.4,71
微站1,2022/11/16 7:00,66,167,29,11.4,80
微站1,2022/11/16 6:00,74,185,38,9.7,86
微站1,2022/11/16 5:00,54,136,39,10.3,82
微站1,2022/11/16 4:00,53,132,35,11.3,77
微站1,2022/11/16 3:00,54,135,37,11.6,76
微站1,2022/11/16 2:00,48,123,41,11.8,75
微站1,2022/11/16 1:00,41,110,42,11.5,74
微站1,2022/11/16 0:00,38,101,43,12.2,70
微站1,2022/11/15 23:00,35,92,44,13.2,66
微站1,2022/11/15 22:00,36,94,43,13.6,64
微站1,2022/11/15 21:00,37,98,47,13.7,66
微站1,2022/11/15 20:00,34,92,44,14,64
微站1,2022/11/15 19:00,37,98,43,14,66
微站1,2022/11/15 18:00,48,125,48,14.4,65
微站1,2022/11/15 17:00,41,109,49,15.2,61
微站1,2022/11/15 16:00,34,88,54,16.4,56
微站1,2022/11/15 15:00,32,80,44,18.6,39
微站1,2022/11/15 14:00,28,70,39,19,36
微站1,2022/11/15 13:00,27,66,32,18.9,35
微站1,2022/11/15 12:00,30,74,33,18.3,41
微站1,2022/11/15 11:00,31,78,30,18,46
微站1,2022/11/15 10:00,31,77,27,17.3,51
微站1,2022/11/15 9:00,33,82,24,15.4,60
微站1,2022/11/15 8:00,36,92,18,13.7,68
微站1,2022/11/15 7:00,38,97,27,12.9,72
微站1,2022/11/15 6:00,38,99,35,11.3,78
微站1,2022/11/15 5:00,36,91,38,11.7,76
微站1,2022/11/15 4:00,32,80,39,12.2,73
微站1,2022/11/15 3:00,30,76,36,12.8,71
微站1,2022/11/15 2:00,30,75,32,12.9,70
微站1,2022/11/15 1:00,30,74,32,12.9,73
微站1,2022/11/15 0:00,29,74,35,13,74
微站1,2022/11/14 23:00,29,75,38,12.8,76
微站1,2022/11/14 22:00,26,68,35,13.2,74
微站1,2022/11/14 21:00,21,58,36,12.9,77
微站1,2022/11/14 20:00,21,58,37,12.5,78
微站1,2022/11/14 19:00,22,61,37,12.1,80
微站1,2022/11/14 18:00,20,59,41,11.8,80
微站1,2022/11/14 17:00,18,53,39,12,76
微站1,2022/11/14 16:00,12,40,33,12.2,72
微站1,2022/11/14 15:00,21,55,44,11.8,76
微站1,2022/11/14 14:00,22,59,41,13.5,63
微站1,2022/11/14 13:00,20,52,32,14.2,58
微站1,2022/11/14 12:00,20,54,31,14.4,60
微站1,2022/11/14 11:00,23,59,29,14.6,61
微站1,2022/11/14 10:00,22,58,29,14.6,62
微站1,2022/11/14 9:00,21,55,28,14,64
微站1,2022/11/14 8:00,20,51,26,13.3,65
微站1,2022/11/14 7:00,19,51,29,12.9,68
微站1,2022/11/14 6:00,18,46,29,12.6,68
微站1,2022/11/14 5:00,17,43,26,12.5,67
微站1,2022/11/14 4:00,17,45,26,12.7,69
微站1,2022/11/14 3:00,17,45,26,12.7,71
微站1,2022/11/14 2:00,19,48,29,12.6,73
微站1,2022/11/14 1:00,22,56,30,12.8,72
微站1,2022/11/14 0:00,19,51,27,13.8,68
微站1,2022/11/13 23:00,20,51,29,13.8,69
微站1,2022/11/13 22:00,18,47,31,13.7,69
微站1,2022/11/13 21:00,16,44,29,14.5,64
微站1,2022/11/13 20:00,14,40,28,14.5,63
微站1,2022/11/13 19:00,14,40,28,14.7,63
微站1,2022/11/13 18:00,16,44,28,14.9,63
微站1,2022/11/13 17:00,16,46,29,14.9,64
微站1,2022/11/13 16:00,17,48,29,14.9,65
微站1,2022/11/13 15:00,18,50,29,14.7,68
微站1,2022/11/13 14:00,18,50,29,15.2,67
微站1,2022/11/13 13:00,19,52,29,15.5,67
微站1,2022/11/13 12:00,20,52,27,15.4,68
微站1,2022/11/13 11:00,18,51,27,15.5,68
微站1,2022/11/13 10:00,18,49,28,15.1,71
微站1,2022/11/13 9:00,15,41,24,14.9,71
微站1,2022/11/13 8:00,14,40,24,14.8,75
微站1,2022/11/13 7:00,14,36,22,14.4,78
微站1,2022/11/13 6:00,12,32,22,14.5,81
微站1,2022/11/13 5:00,11,28,23,14.5,86
微站1,2022/11/13 4:00,10,26,28,14.9,87
微站1,2022/11/13 3:00,8,22,25,15.5,85
微站1,2022/11/13 2:00,9,24,27,15.9,88
微站1,2022/11/13 1:00,19,47,29,17.5,86
微站1,2022/11/13 0:00,24,57,31,18.8,81
微站1,2022/11/12 23:00,23,56,29,20,76
微站1,2022/11/12 22:00,31,75,28,20.6,77
微站1,2022/11/12 21:00,22,54,30,21.7,78
微站1,2022/11/12 20:00,22,55,31,23.5,75
微站1,2022/11/12 19:00,25,62,29,25.2,69
微站1,2022/11/12 18:00,27,70,34,26.2,66
微站1,2022/11/12 17:00,27,76,37,28.5,57
微站1,2022/11/12 16:00,24,62,39,29.5,53
微站1,2022/11/12 15:00,17,44,31,30.5,48
微站1,2022/11/12 14:00,13,36,25,31.1,46
微站1,2022/11/12 13:00,12,32,24,31,48
微站1,2022/11/12 12:00,9,25,26,30.1,50
微站1,2022/11/12 11:00,10,27,18,29.6,54
微站1,2022/11/12 10:00,12,31,18,27.9,62
微站1,2022/11/12 9:00,15,39,18,25.5,72
微站1,2022/11/12 8:00,19,48,17,23.9,80
微站1,2022/11/12 7:00,21,52,21,22.7,85
微站1,2022/11/12 6:00,23,57,27,21.6,89
微站1,2022/11/12 5:00,20,50,25,21.5,90
微站1,2022/11/12 4:00,19,48,27,21.4,90
微站1,2022/11/12 3:00,18,46,26,21.4,90
微站1,2022/11/12 2:00,17,44,26,21.6,88
微站1,2022/11/12 1:00,17,43,27,21.6,88
微站1,2022/11/12 0:00,17,43,29,21.6,87
微站1,2022/11/11 23:00,16,41,28,22.1,85
微站1,2022/11/11 22:00,17,43,26,22.4,84
微站1,2022/11/11 21:00,18,47,28,22.4,85
微站1,2022/11/11 20:00,21,54,34,21.8,89
微站1,2022/11/11 19:00,20,51,36,22.1,87
微站1,2022/11/11 18:00,18,48,38,22.7,84
微站1,2022/11/11 17:00,18,47,43,23.4,81
微站1,2022/11/11 16:00,14,37,39,24.5,75
微站1,2022/11/11 15:00,11,30,30,25.2,71
微站1,2022/11/11 14:00,11,30,30,25.1,72
微站1,2022/11/11 13:00,12,31,22,25.2,72
微站1,2022/11/11 12:00,19,50,28,24.2,78
微站1,2022/11/11 11:00,31,79,27,23.5,81
微站1,2022/11/11 10:00,33,85,22,23.3,82
微站1,2022/11/11 9:00,41,104,25,21.9,88
微站1,2022/11/11 8:00,49,124,25,21.2,90
微站1,2022/11/11 7:00,56,136,27,20.5,92
微站1,2022/11/11 6:00,48,114,27,20.5,92
微站1,2022/11/11 5:00,43,103,29,20.7,90
微站1,2022/11/11 4:00,35,85,29,20.7,88
微站1,2022/11/11 3:00,31,75,26,20.8,85
微站1,2022/11/11 2:00,31,76,26,20.8,85
微站1,2022/11/11 1:00,34,81,27,20.6,86
微站1,2022/11/11 0:00,33,80,24,20.5,86
微站1,2022/11/10 23:00,37,90,28,20.1,88
微站1,2022/11/10 22:00,33,80,27,20.2,86
微站1,2022/11/10 21:00,33,80,27,20.4,85
微站1,2022/11/10 20:00,33,81,29,20.7,84
微站1,2022/11/10 19:00,30,74,26,21.4,82
微站1,2022/11/10 18:00,43,106,38,22.1,78
微站1,2022/11/10 17:00,37,96,40,23.6,71
微站1,2022/11/10 16:00,37,93,41,25.1,66
微站1,2022/11/10 15:00,27,68,32,26,60
微站1,2022/11/10 14:00,28,70,31,26.3,60
微站1,2022/11/10 13:00,32,79,33,26.1,62
微站1,2022/11/10 12:00,33,81,27,25.4,65
微站1,2022/11/10 11:00,40,95,13,23.9,71
微站1,2022/11/10 10:00,52,125,24,21.5,81
微站1,2022/11/10 9:00,53,126,24,20,88
微站1,2022/11/10 8:00,45,106,29,19.4,90
微站1,2022/11/10 7:00,33,76,31,19.5,90
微站1,2022/11/10 6:00,28,67,31,19.4,89
微站1,2022/11/10 5:00,27,65,33,19.1,90
微站1,2022/11/10 4:00,34,83,38,18.7,89
微站1,2022/11/10 3:00,36,94,40,18.8,89
微站1,2022/11/10 2:00,33,88,41,18.8,88
微站1,2022/11/10 1:00,31,84,42,18.6,89
微站1,2022/11/10 0:00,31,84,44,18.7,88
微站1,2022/11/9 23:00,31,82,44,18.9,86
微站1,2022/11/9 22:00,34,93,43,20.1,82
微站1,2022/11/9 21:00,32,89,45,20.4,81
微站1,2022/11/9 20:00,28,76,42,21,78
微站1,2022/11/9 19:00,25,70,43,21.7,75
微站1,2022/11/9 18:00,22,63,39,22.4,71
微站1,2022/11/9 17:00,17,49,38,22.8,69
微站1,2022/11/9 16:00,13,38,31,23.5,66
微站1,2022/11/9 15:00,12,36,27,23.5,67
微站1,2022/11/9 14:00,14,39,24,23.3,68
微站1,2022/11/9 13:00,14,40,30,22.9,68
微站1,2022/11/9 12:00,13,36,29,22.8,66
微站1,2022/11/9 11:00,13,38,22,22.7,67
微站1,2022/11/9 10:00,19,52,26,21.6,74
微站1,2022/11/9 9:00,22,58,31,20.2,78
微站1,2022/11/9 8:00,20,53,31,19.4,78
微站1,2022/11/9 7:00,18,49,38,17.2,83
微站1,2022/11/9 6:00,18,46,39,16.2,85
微站1,2022/11/9 5:00,20,50,38,15.9,85
微站1,2022/11/9 4:00,22,56,37,16.1,85
微站1,2022/11/9 3:00,24,59,39,16.1,85
微站1,2022/11/9 2:00,23,57,41,16.3,84
微站1,2022/11/9 1:00,22,55,42,16.3,84
微站1,2022/11/9 0:00,22,56,41,16.4,83
微站1,2022/11/8 23:00,20,51,41,16.7,81
微站1,2022/11/8 22:00,21,53,36,17.2,80
微站1,2022/11/8 21:00,20,50,37,17.6,78
微站1,2022/11/8 20:00,19,49,36,18.3,76
微站1,2022/11/8 19:00,17,45,34,19,73
微站1,2022/11/8 18:00,16,42,36,19.8,69
微站1,2022/11/8 17:00,12,36,38,21,62
微站1,2022/11/8 16:00,11,34,42,22.6,53
微站1,2022/11/8 15:00,11,34,31,24.1,37
微站1,2022/11/8 14:00,13,37,28,24.2,40
微站1,2022/11/8 13:00,13,37,30,23.9,41
微站1,2022/11/8 12:00,13,37,31,23.7,42
微站1,2022/11/8 11:00,13,36,22,23,45
微站1,2022/11/8 10:00,18,47,20,22.2,58
微站1,2022/11/8 9:00,24,62,25,20.4,68
微站1,2022/11/8 8:00,31,83,22,18.7,75
微站1,2022/11/8 7:00,35,95,30,16.2,84
微站1,2022/11/8 6:00,39,98,34,15.2,88
微站1,2022/11/8 5:00,62,147,34,15.7,87
微站1,2022/11/8 4:00,46,116,35,16.1,85
微站1,2022/11/8 3:00,29,74,37,15.9,86
微站1,2022/11/8 2:00,30,77,37,16.4,85
微站1,2022/11/8 1:00,28,71,35,16.7,81
微站1,2022/11/8 0:00,24,62,37,17.8,76
微站1,2022/11/7 23:00,24,65,40,18,74
微站1,2022/11/7 22:00,30,82,48,18,73
微站1,2022/11/7 21:00,34,95,51,18.7,67
微站1,2022/11/7 20:00,32,91,49,19.6,61
微站1,2022/11/7 19:00,30,84,46,20.7,57
微站1,2022/11/7 18:00,31,85,45,21.4,54
微站1,2022/11/7 17:00,23,63,44,22.5,46
微站1,2022/11/7 16:00,20,55,40,24.4,41
微站1,2022/11/7 15:00,17,44,27,25.6,36
微站1,2022/11/7 14:00,18,48,26,25.6,37
微站1,2022/11/7 13:00,19,48,25,26,37
微站1,2022/11/7 12:00,18,46,25,25.8,37
微站1,2022/11/7 11:00,16,42,25,25,40
微站1,2022/11/7 10:00,21,56,23,23.8,48
微站1,2022/11/7 9:00,21,55,20,21.5,57
微站1,2022/11/7 8:00,20,53,22,18.2,69
微站1,2022/11/7 7:00,23,59,26,15.8,77
微站1,2022/11/7 6:00,23,60,34,14.6,82
微站1,2022/11/7 5:00,22,57,37,14.3,82
微站1,2022/11/7 4:00,18,49,35,14.4,80
微站1,2022/11/7 3:00,16,43,33,14.9,77
微站1,2022/11/7 2:00,14,37,33,15.2,75
微站1,2022/11/7 1:00,12,33,31,15.2,74
微站1,2022/11/7 0:00,12,32,32,15.1,73
微站1,2022/11/6 23:00,12,33,32,15.4,70
微站1,2022/11/6 22:00,13,36,30,15.7,69
微站1,2022/11/6 21:00,14,37,32,15.9,69
微站1,2022/11/6 20:00,13,35,31,16.1,66
微站1,2022/11/6 19:00,12,36,31,17.1,62
微站1,2022/11/6 18:00,12,36,32,17.8,58
微站1,2022/11/6 17:00,15,42,33,18.6,53
微站1,2022/11/6 16:00,15,41,32,19.7,46
微站1,2022/11/6 15:00,14,38,30,20.6,41
微站1,2022/11/6 14:00,13,37,25,21.1,39
微站1,2022/11/6 13:00,15,41,25,20.6,42
微站1,2022/11/6 12:00,16,42,27,20.3,44
微站1,2022/11/6 11:00,14,38,27,19.8,44
微站1,2022/11/6 10:00,13,36,23,18.9,47
微站1,2022/11/6 9:00,10,31,20,17.5,52
微站1,2022/11/6 8:00,16,46,20,16,61
微站1,2022/11/6 7:00,22,61,31,13.7,71
微站1,2022/11/6 6:00,20,52,34,12.6,78
微站1,2022/11/6 5:00,19,51,38,12.7,78
微站1,2022/11/6 4:00,18,48,37,13.1,75
微站1,2022/11/6 3:00,21,55,36,13.3,71
微站1,2022/11/6 2:00,22,58,34,13.5,69
微站1,2022/11/6 1:00,24,67,36,13.7,68
微站1,2022/11/6 0:00,21,59,37,13.7,67
微站1,2022/11/5 23:00,21,59,36,13.9,67
微站1,2022/11/5 22:00,24,68,42,14.4,67
微站1,2022/11/5 21:00,29,76,40,14.8,65
微站1,2022/11/5 20:00,31,82,38,15.5,59
微站1,2022/11/5 19:00,29,79,36,15.7,56
微站1,2022/11/5 18:00,29,80,35,16.3,52
微站1,2022/11/5 17:00,23,66,33,16.8,49
微站1,2022/11/5 16:00,20,52,31,17.9,44
微站1,2022/11/5 15:00,15,39,29,18.8,39
微站1,2022/11/5 14:00,14,36,24,19.3,38
微站1,2022/11/5 13:00,13,34,25,19.7,37
微站1,2022/11/5 12:00,12,32,21,19.7,38
微站1,2022/11/5 11:00,12,32,25,18.8,41
微站1,2022/11/5 10:00,11,29,20,18.4,42
微站1,2022/11/5 9:00,14,38,23,17.1,48
微站1,2022/11/5 8:00,18,47,20,16.3,51
微站1,2022/11/5 7:00,20,54,22,15.3,56
微站1,2022/11/5 6:00,22,58,31,13.5,62
微站1,2022/11/5 5:00,22,56,32,13.4,63
微站1,2022/11/5 4:00,20,54,30,13.9,61
微站1,2022/11/5 3:00,18,46,30,13.9,62
微站1,2022/11/5 2:00,17,46,31,14.3,60
微站1,2022/11/5 1:00,16,42,30,13.9,61
微站1,2022/11/5 0:00,14,39,30,13.3,63
微站1,2022/11/4 23:00,15,40,28,13.3,62
微站1,2022/11/4 22:00,13,38,28,13,64
微站1,2022/11/4 21:00,13,38,28,13.2,63
微站1,2022/11/4 20:00,12,38,29,13.1,64
微站1,2022/11/4 19:00,11,36,29,13.6,61
微站1,2022/11/4 18:00,10,31,30,14.4,59
微站1,2022/11/4 17:00,8,29,30,15.5,54
微站1,2022/11/4 16:00,10,31,30,17,50
微站1,2022/11/4 15:00,18,49,27,18,46
微站1,2022/11/4 14:00,8,28,26,18.4,47
微站1,2022/11/4 13:00,8,27,26,18.6,47
微站1,2022/11/4 12:00,8,27,23,18.8,48
微站1,2022/11/4 11:00,8,26,15,18.5,50
微站1,2022/11/4 10:00,9,28,19,17.2,57
微站1,2022/11/4 9:00,9,31,22,16.1,65
微站1,2022/11/4 8:00,11,34,20,15.8,71
微站1,2022/11/4 7:00,14,40,20,15.7,77
微站1,2022/11/4 6:00,20,54,22,15.6,82
微站1,2022/11/4 5:00,23,62,22,15.5,85
微站1,2022/11/4 4:00,28,71,27,15.3,87
微站1,2022/11/4 3:00,26,66,36,15.3,84
微站1,2022/11/4 2:00,18,50,32,16.6,68
微站1,2022/11/4 1:00,15,41,29,16.8,64
微站1,2022/11/4 0:00,12,49,31,16.6,64
微站1,2022/11/3 23:00,9,26,30,16.7,62
微站1,2022/11/3 22:00,7,22,29,16.6,62
微站1,2022/11/3 21:00,7,20,27,16.3,63
微站1,2022/11/3 20:00,7,21,26,16.6,63
微站1,2022/11/3 19:00,7,24,27,17,61
微站1,2022/11/3 18:00,7,23,26,17.4,59
微站1,2022/11/3 17:00,9,29,29,18,58
微站1,2022/11/3 16:00,18,49,32,19.4,51
微站1,2022/11/3 15:00,25,65,27,21.1,45
微站1,2022/11/3 14:00,26,66,27,21.5,46
微站1,2022/11/3 13:00,25,66,25,22.1,46
微站1,2022/11/3 12:00,23,61,24,22.1,48
微站1,2022/11/3 11:00,19,52,32,21.9,50
微站1,2022/11/3 10:00,17,48,23,21.3,51
微站1,2022/11/3 9:00,15,42,11,20.6,56
微站1,2022/11/3 8:00,18,50,19,17.4,71
微站1,2022/11/3 7:00,20,54,27,15.6,75
微站1,2022/11/3 6:00,22,58,32,14,81
微站1,2022/11/3 5:00,21,56,30,13.9,81
微站1,2022/11/3 4:00,21,54,33,13.4,84
微站1,2022/11/3 3:00,20,53,30,14.6,78
微站1,2022/11/3 2:00,17,46,28,14.7,77
微站1,2022/11/3 1:00,16,43,31,15.3,75
微站1,2022/11/3 0:00,15,42,30,15.1,75
微站1,2022/11/2 23:00,14,39,31,15,75
微站1,2022/11/2 22:00,13,38,31,15.9,70
微站1,2022/11/2 21:00,13,39,28,16.1,68
微站1,2022/11/2 20:00,12,38,26,16.6,66
微站1,2022/11/2 19:00,14,42,24,17.3,65
微站1,2022/11/2 18:00,28,79,33,18.4,61
微站1,2022/11/2 17:00,27,74,30,19.2,57
微站1,2022/11/2 16:00,20,54,30,21.2,46
微站1,2022/11/2 15:00,17,46,26,21.8,43
微站1,2022/11/2 14:00,16,43,22,22.1,42
微站1,2022/11/2 13:00,16,45,23,22,44
微站1,2022/11/2 12:00,17,46,22,21.8,46
微站1,2022/11/2 11:00,17,48,22,22.2,46
微站1,2022/11/2 10:00,17,47,21,21.3,49
微站1,2022/11/2 9:00,23,65,16,19.7,60
微站1,2022/11/2 8:00,29,78,17,18.1,68
微站1,2022/11/2 7:00,31,84,23,16.4,72
微站1,2022/11/2 6:00,42,112,30,15.1,76
微站1,2022/11/2 5:00,44,118,28,14.3,80
微站1,2022/11/2 4:00,42,111,27,14.8,79
微站1,2022/11/2 3:00,45,116,29,14.1,83
微站1,2022/11/2 2:00,44,116,28,14.7,80
微站1,2022/11/2 1:00,42,112,28,15.1,79
微站1,2022/11/2 0:00,35,93,27,15.5,78
微站1,2022/11/1 23:00,32,88,26,16.3,75
微站1,2022/11/1 22:00,34,91,27,16.3,76
微站1,2022/11/1 21:00,35,93,27,16.7,75
微站1,2022/11/1 20:00,36,95,24,17.1,73
微站1,2022/11/1 19:00,44,115,24,17.8,73
微站1,2022/11/1 18:00,51,129,27,18.6,71
微站1,2022/11/1 17:00,44,112,31,19.7,65
微站1,2022/11/1 16:00,19,51,28,21.4,54
微站1,2022/11/1 15:00,11,34,19,22.2,51
微站1,2022/11/1 14:00,11,31,18,22.5,52
微站1,2022/11/1 13:00,10,29,10,22.9,54
微站1,2022/11/1 12:00,9,27,5,22.8,55
微站1,2022/11/1 11:00,30,44,38,20.2,88
微站1,2022/11/1 10:00,23,43,50,19.1,98
微站1,2022/11/1 9:00,25,43,59,17.8,99
微站1,2022/11/1 8:00,24,49,65,16.2,99
微站1,2022/11/1 7:00,23,45,58,15.2,99
微站1,2022/11/1 6:00,21,42,56,15.4,99
微站1,2022/11/1 5:00,23,46,57,15.6,99
微站1,2022/11/1 4:00,19,45,56,15.8,99
微站1,2022/11/1 3:00,19,42,54,16,99
微站1,2022/11/1 2:00,19,42,57,16.4,99
微站1,2022/11/1 1:00,10,30,59,16.7,97
微站1,2022/11/1 0:00,13,32,54,17.4,92
微站1,2022/10/31 23:00,12,29,52,18.2,88
微站1,2022/10/31 22:00,13,28,49,18.9,83
微站1,2022/10/31 21:00,21,35,47,19.8,76
微站1,2022/10/31 20:00,20,35,41,20.8,69
微站1,2022/10/31 19:00,19,34,33,22.1,62
微站1,2022/10/31 18:00,21,36,26,23.3,56
微站1,2022/10/31 17:00,18,33,5,26.2,43
微站1,2022/10/31 16:00,17,31,2,27.8,37
微站1,2022/10/31 15:00,17,30,2,26.8,39
微站1,2022/10/31 14:00,17,31,32,26,43
微站1,2022/10/31 13:00,16,30,4,24.7,51
微站1,2022/10/31 12:00,17,30,14,23.8,58
微站1,2022/10/31 11:00,18,33,26,22.2,73
微站1,2022/10/31 10:00,23,34,44,20.3,93
微站1,2022/10/31 9:00,19,35,59,18.4,99
微站1,2022/10/31 8:00,22,44,65,16.4,99
微站1,2022/10/31 7:00,25,43,60,15.6,99
微站1,2022/10/31 6:00,23,40,55,15.7,99
微站1,2022/10/31 5:00,23,40,53,16,99
微站1,2022/10/31 4:00,22,36,53,16.5,99
微站1,2022/10/31 3:00,14,26,52,17.1,98
微站1,2022/10/31 2:00,12,27,55,17.5,97
微站1,2022/10/31 1:00,13,30,52,17.9,93
微站1,2022/10/31 0:00,11,27,50,18.4,91
微站1,2022/10/30 23:00,12,28,46,19.2,84
微站1,2022/10/30 22:00,13,30,40,20,78
微站1,2022/10/30 21:00,17,34,39,20.5,76
微站1,2022/10/30 20:00,19,35,35,21.2,73
微站1,2022/10/30 19:00,20,36,38,21.8,73
微站1,2022/10/30 18:00,20,37,38,22.3,72
微站1,2022/10/30 17:00,22,36,35,23.2,71
微站1,2022/10/30 16:00,22,35,23,24.6,64
微站1,2022/10/30 15:00,23,36,19,25.1,61
微站1,2022/10/30 14:00,26,37,22,24.7,65
微站1,2022/10/30 13:00,30,43,31,23.6,74
微站1,2022/10/30 12:00,38,53,43,22.1,84
微站1,2022/10/30 11:00,41,59,52,20.2,92
微站1,2022/10/30 10:00,40,63,59,18.2,97
微站1,2022/10/30 9:00,32,50,60,16.7,99
微站1,2022/10/30 8:00,24,46,59,15.5,99
微站1,2022/10/30 7:00,22,42,55,14.8,99
微站1,2022/10/30 6:00,19,39,54,14.7,99
微站1,2022/10/30 5:00,18,37,57,14.3,99
微站1,2022/10/30 4:00,23,42,55,13.8,99
微站1,2022/10/30 3:00,12,23,54,14,99
微站1,2022/10/30 2:00,13,32,56,14.3,96
微站1,2022/10/30 1:00,14,31,53,14.7,92
微站1,2022/10/30 0:00,12,28,51,15.4,89
微站1,2022/10/29 23:00,14,34,54,16,86
微站1,2022/10/29 22:00,14,29,49,16.6,81
微站1,2022/10/29 21:00,20,31,43,17.3,76
微站1,2022/10/29 20:00,21,34,41,18.3,72
微站1,2022/10/29 19:00,22,36,39,19.4,67
微站1,2022/10/29 18:00,23,36,30,21.1,59
微站1,2022/10/29 17:00,23,37,21,23,51
微站1,2022/10/29 16:00,23,35,9,24.6,45
微站1,2022/10/29 15:00,24,35,12,24.5,46
微站1,2022/10/29 14:00,22,34,13,23.4,48
微站1,2022/10/29 13:00,19,31,16,22.4,52
微站1,2022/10/29 12:00,18,32,22,21.1,57
微站1,2022/10/29 11:00,16,31,25,19.8,63
微站1,2022/10/29 10:00,18,32,30,19,68
微站1,2022/10/29 9:00,15,33,39,18.1,75
微站1,2022/10/29 8:00,19,39,47,17,83
微站1,2022/10/29 7:00,22,43,48,16.6,85
微站1,2022/10/29 6:00,23,44,44,16.6,82
微站1,2022/10/29 5:00,22,46,43,16.6,81
微站1,2022/10/29 4:00,19,43,41,16.6,80
微站1,2022/10/29 3:00,17,36,40,16.7,79
微站1,2022/10/29 2:00,15,34,41,16.7,79
微站1,2022/10/29 1:00,15,34,38,16.8,78
微站1,2022/10/29 0:00,16,39,40,17.1,77
微站1,2022/10/28 23:00,17,37,40,17.4,77
微站1,2022/10/28 22:00,24,42,39,17.7,75
微站1,2022/10/28 21:00,24,40,40,17.9,74
微站1,2022/10/28 20:00,22,38,35,18.4,68
微站1,2022/10/28 19:00,24,41,32,19.1,67
微站1,2022/10/28 18:00,28,46,32,20.1,65
微站1,2022/10/28 17:00,24,42,25,21.3,61
微站1,2022/10/28 16:00,20,36,19,22.1,60
微站1,2022/10/28 15:00,21,35,18,22.4,58
微站1,2022/10/28 14:00,16,30,19,22.2,61
微站1,2022/10/28 13:00,16,28,19,22.3,63
微站1,2022/10/28 12:00,18,30,24,22,68
微站1,2022/10/28 11:00,14,28,32,20.9,76
微站1,2022/10/28 10:00,11,22,38,19.8,83
微站1,2022/10/28 9:00,10,22,47,18.6,88
微站1,2022/10/28 8:00,12,20,46,17.7,90
微站1,2022/10/28 7:00,6,18,46,17.3,92
微站1,2022/10/28 6:00,6,22,39,17.3,90
微站1,2022/10/28 5:00,10,22,40,17.5,90
微站1,2022/10/28 4:00,11,22,41,17.7,93
微站1,2022/10/28 3:00,11,22,43,18,97
微站1,2022/10/28 2:00,9,22,45,18.2,98
微站1,2022/10/28 1:00,11,21,47,18.4,99
微站1,2022/10/28 0:00,6,17,46,18.5,99
微站1,2022/10/27 23:00,8,20,46,18.8,98
微站1,2022/10/27 22:00,9,20,44,19,96
微站1,2022/10/27 21:00,8,20,43,19.2,96
微站1,2022/10/27 20:00,8,22,47,19.2,98
微站1,2022/10/27 19:00,6,18,48,19.2,97
微站1,2022/10/27 18:00,11,22,44,19.1,95
微站1,2022/10/27 17:00,12,23,46,19.5,98
微站1,2022/10/27 16:00,8,19,41,21.1,91
微站1,2022/10/27 15:00,11,21,33,22.5,83
微站1,2022/10/27 14:00,12,22,32,22.9,82
微站1,2022/10/27 13:00,12,22,35,22.4,86
微站1,2022/10/27 12:00,11,23,43,21.5,96
微站1,2022/10/27 11:00,5,13,53,20.5,99
微站1,2022/10/27 10:00,5,14,59,19,99
微站1,2022/10/27 9:00,7,13,58,17.9,99
微站1,2022/10/27 8:00,8,10,61,17.4,99
微站1,2022/10/27 7:00,7,9,58,17,99
微站1,2022/10/27 6:00,6,8,58,17.1,99
微站1,2022/10/27 5:00,7,9,59,17.1,99
微站1,2022/10/27 4:00,8,14,57,17,99
微站1,2022/10/27 3:00,9,20,56,17,99
微站1,2022/10/27 2:00,14,22,58,17.3,99
微站1,2022/10/27 1:00,19,30,59,17.5,99
微站1,2022/10/27 0:00,21,35,60,17.9,99
微站1,2022/10/26 23:00,18,38,66,18.4,99
微站1,2022/10/26 22:00,21,46,71,18.4,99
微站1,2022/10/26 21:00,25,45,73,18.6,99
微站1,2022/10/26 20:00,29,42,72,19,99
微站1,2022/10/26 19:00,17,37,71,19.2,99
微站1,2022/10/26 18:00,14,33,70,19.4,99
微站1,2022/10/26 17:00,7,27,68,20.1,97
微站1,2022/10/26 16:00,8,26,60,21.1,81
微站1,2022/10/26 15:00,9,30,48,21.4,69
微站1,2022/10/26 14:00,9,27,43,21.5,66
微站1,2022/10/26 13:00,13,31,40,21.4,66
微站1,2022/10/26 12:00,12,32,43,21,67
微站1,2022/10/26 11:00,11,32,45,20,69
微站1,2022/10/26 10:00,11,31,48,19.1,71
微站1,2022/10/26 9:00,10,30,49,18.4,70
微站1,2022/10/26 8:00,13,31,50,17.5,73
微站1,2022/10/26 7:00,10,29,47,17,73
微站1,2022/10/26 6:00,9,26,43,16.9,72
微站1,2022/10/26 5:00,11,27,44,16.7,74
微站1,2022/10/26 4:00,18,33,45,16.5,75
微站1,2022/10/26 3:00,18,33,44,16.6,74
微站1,2022/10/26 2:00,17,32,44,16.4,73
微站1,2022/10/26 1:00,17,32,44,16.3,72
微站1,2022/10/26 0:00,17,32,43,16.4,71
微站1,2022/10/25 23:00,18,32,41,16.8,68
微站1,2022/10/25 22:00,21,34,43,17.3,66
微站1,2022/10/25 21:00,21,36,42,17.9,63
微站1,2022/10/25 20:00,19,35,38,18.6,59
微站1,2022/10/25 19:00,21,40,34,19.8,53
微站1,2022/10/25 18:00,18,36,21,21.4,46
微站1,2022/10/25 17:00,17,34,9,24,40
微站1,2022/10/25 16:00,16,33,4,25.6,37
微站1,2022/10/25 15:00,17,34,7,24.7,39
微站1,2022/10/25 14:00,17,32,6,23.9,41
微站1,2022/10/25 13:00,16,35,11,22.8,43
微站1,2022/10/25 12:00,16,32,19,21,50
微站1,2022/10/25 11:00,17,33,24,19.7,56
微站1,2022/10/25 10:00,16,33,30,18.7,61
微站1,2022/10/25 9:00,14,35,41,17.2,70
微站1,2022/10/25 8:00,15,33,54,15.5,82
微站1,2022/10/25 7:00,13,28,54,14.5,89
微站1,2022/10/25 6:00,12,32,53,14.7,89
微站1,2022/10/25 5:00,13,29,52,15,88
微站1,2022/10/25 4:00,14,31,49,15.3,87
微站1,2022/10/25 3:00,17,34,50,15.7,85
微站1,2022/10/25 2:00,25,42,51,16.1,81
微站1,2022/10/25 1:00,28,41,45,16.5,76
微站1,2022/10/25 0:00,33,45,46,17.1,74
微站1,2022/10/24 23:00,33,43,48,17.7,71
微站1,2022/10/24 22:00,28,38,47,18.2,67
微站1,2022/10/24 21:00,26,41,45,18.8,64
微站1,2022/10/24 20:00,28,47,42,19.5,58
微站1,2022/10/24 19:00,27,44,32,20.5,48
微站1,2022/10/24 18:00,24,45,22,22.6,40
微站1,2022/10/24 17:00,23,41,5,25.6,32
微站1,2022/10/24 16:00,24,43,4,26.2,29
微站1,2022/10/24 15:00,25,42,2,25.5,29
微站1,2022/10/24 14:00,26,47,2,25.4,29
微站1,2022/10/24 13:00,22,38,2,24.5,32
微站1,2022/10/24 12:00,20,36,3,22.6,38
微站1,2022/10/24 11:00,18,36,13,20.7,43
微站1,2022/10/24 10:00,19,37,26,19,59
微站1,2022/10/24 9:00,19,34,41,16.7,76
微站1,2022/10/24 8:00,15,39,60,14,98
微站1,2022/10/24 7:00,10,28,58,12.6,96
微站1,2022/10/24 6:00,14,43,56,12.9,92
微站1,2022/10/24 5:00,12,32,54,13.1,92
微站1,2022/10/24 4:00,15,30,51,13.4,90
微站1,2022/10/24 3:00,13,33,50,13.7,88
微站1,2022/10/24 2:00,14,31,53,13.8,91
微站1,2022/10/24 1:00,13,26,54,14.1,90
微站1,2022/10/24 0:00,11,19,55,14.7,85
微站1,2022/10/23 23:00,24,40,51,15.5,78
微站1,2022/10/23 22:00,25,41,47,16.5,67
微站1,2022/10/23 21:00,22,40,40,17.7,60
微站1,2022/10/23 20:00,23,41,31,19,51
微站1,2022/10/23 19:00,20,40,20,20.6,43
微站1,2022/10/23 18:00,17,35,2,22.9,34
微站1,2022/10/23 17:00,15,34,2,26.3,29
微站1,2022/10/23 16:00,16,33,2,26.8,30
微站1,2022/10/23 15:00,24,41,3,25.9,39
微站1,2022/10/23 14:00,40,54,4,25,46
微站1,2022/10/23 13:00,50,64,15,24,59
微站1,2022/10/23 12:00,47,72,29,22.6,73
微站1,2022/10/23 11:00,47,71,41,21.3,87
微站1,2022/10/23 10:00,43,57,49,20.2,97
微站1,2022/10/23 9:00,27,40,61,19,99
微站1,2022/10/23 8:00,30,44,63,17.7,99
微站1,2022/10/23 7:00,27,41,56,16.7,99
微站1,2022/10/23 6:00,25,37,51,16.9,99
微站1,2022/10/23 5:00,21,37,52,17.4,99
微站1,2022/10/23 4:00,31,46,58,17.9,99
微站1,2022/10/23 3:00,33,54,55,18.1,99
微站1,2022/10/23 2:00,40,50,51,18.7,99
微站1,2022/10/23 1:00,50,56,56,19.4,99
微站1,2022/10/23 0:00,54,63,58,19.8,99
微站1,2022/10/22 23:00,67,82,64,20.2,99
微站1,2022/10/22 22:00,84,101,67,20.7,95
微站1,2022/10/22 21:00,91,109,67,20.8,90
微站1,2022/10/22 20:00,54,86,63,21.3,86
微站1,2022/10/22 19:00,68,89,53,22,80
微站1,2022/10/22 18:00,83,96,44,23.6,71
微站1,2022/10/22 17:00,67,77,27,26.3,57
微站1,2022/10/22 16:00,61,66,16,27.5,51
微站1,2022/10/22 15:00,63,69,17,27.7,51
微站1,2022/10/22 14:00,60,66,10,27.7,50
微站1,2022/10/22 13:00,49,58,10,27.4,50
微站1,2022/10/22 12:00,46,63,25,25.4,61
微站1,2022/10/22 11:00,46,63,38,23.9,75
微站1,2022/10/22 10:00,78,98,55,22.3,89
微站1,2022/10/22 9:00,40,70,68,21.1,99
微站1,2022/10/22 8:00,29,44,71,19.3,99
微站1,2022/10/22 7:00,36,60,41,18,99
微站1,2022/10/22 6:00,25,52,37,17.8,98
微站1,2022/10/22 5:00,29,49,37,18.1,97
微站1,2022/10/22 4:00,33,53,38,18.5,96
微站1,2022/10/22 3:00,30,48,38,18.9,96
微站1,2022/10/22 2:00,33,47,38,19,92
微站1,2022/10/22 1:00,26,44,38,19.5,88
微站1,2022/10/22 0:00,30,49,38,20,84
微站1,2022/10/21 23:00,46,52,35,20.6,80
微站1,2022/10/21 22:00,41,48,32,21.5,73
微站1,2022/10/21 21:00,36,44,28,22.4,69
微站1,2022/10/21 20:00,35,46,31,23,68
微站1,2022/10/21 19:00,37,52,28,23.7,64
微站1,2022/10/21 18:00,27,43,23,25,57
微站1,2022/10/21 15:00,22,32,9,27.6,45
微站1,2022/10/21 14:00,21,34,11,26.7,48
微站1,2022/10/21 13:00,17,31,14,25.7,50
微站1,2022/10/21 12:00,15,30,13,24.8,51
微站1,2022/10/21 11:00,16,30,17,23.5,56
微站1,2022/10/21 10:00,3,10,2,23.5,51
微站1,2022/10/21 9:00,17,32,32,19.9,79
微站1,2022/10/21 8:00,22,34,37,18,91
微站1,2022/10/21 7:00,15,40,36,16.6,94
微站1,2022/10/21 6:00,13,31,33,16.9,88
微站1,2022/10/21 5:00,13,21,32,17.2,85
微站1,2022/10/21 4:00,13,27,32,17.5,83
微站1,2022/10/21 3:00,14,27,32,17.7,80
微站1,2022/10/21 2:00,13,32,31,17.7,78
微站1,2022/10/21 1:00,15,30,31,17.9,76
微站1,2022/10/21 0:00,15,33,32,18.1,76
微站1,2022/10/20 23:00,15,30,33,18.2,77
微站1,2022/10/20 22:00,20,42,32,18.4,75
微站1,2022/10/20 21:00,19,35,29,19.1,69
微站1,2022/10/20 20:00,20,37,26,20,62
微站1,2022/10/20 19:00,20,36,23,21.4,57
微站1,2022/10/20 18:00,18,36,18,23.3,50
微站1,2022/10/20 17:00,16,33,11,25.7,42
微站1,2022/10/20 16:00,18,33,9,26.1,41
微站1,2022/10/20 15:00,17,32,10,25.6,42
微站1,2022/10/20 14:00,18,32,12,24.7,46
微站1,2022/10/20 13:00,17,31,13,23.2,50
微站1,2022/10/20 12:00,17,31,17,21.4,57
微站1,2022/10/20 11:00,16,31,19,20.2,63
微站1,2022/10/20 10:00,16,30,22,18.7,70
微站1,2022/10/20 9:00,22,36,32,16.4,87
微站1,2022/10/20 8:00,20,42,39,13.6,99
微站1,2022/10/20 7:00,17,32,34,12.1,98
微站1,2022/10/20 6:00,21,40,33,12.3,95
微站1,2022/10/20 5:00,19,31,32,12.5,91
微站1,2022/10/20 4:00,19,36,31,12.7,88
微站1,2022/10/20 3:00,22,38,31,12.9,87
微站1,2022/10/20 2:00,23,37,32,13,86
微站1,2022/10/20 1:00,25,37,32,13.3,83
微站1,2022/10/20 0:00,17,30,30,13.9,79
微站1,2022/10/19 23:00,25,39,31,14.8,76
微站1,2022/10/19 22:00,30,43,30,15.7,70
微站1,2022/10/19 21:00,28,41,27,16.6,63
微站1,2022/10/19 20:00,22,35,23,17.8,55
微站1,2022/10/19 19:00,21,37,22,19.4,50
微站1,2022/10/19 18:00,23,38,12,21.8,42
微站1,2022/10/19 17:00,19,33,8,24.6,35
微站1,2022/10/19 16:00,19,32,6,24.8,34
微站1,2022/10/19 15:00,18,32,5,24.1,34
微站1,2022/10/19 14:00,18,30,6,23,37
微站1,2022/10/19 13:00,17,29,10,21.6,40
微站1,2022/10/19 12:00,17,29,13,19.6,46
微站1,2022/10/19 11:00,16,30,15,18.1,50
微站1,2022/10/19 10:00,16,29,18,17,56
微站1,2022/10/19 9:00,15,28,22,15.5,62
微站1,2022/10/19 8:00,18,35,28,13.6,73
微站1,2022/10/19 7:00,23,34,20,11.9,81
微站1,2022/10/19 6:00,20,35,20,11.5,87
微站1,2022/10/19 5:00,15,35,20,11.4,90
微站1,2022/10/19 4:00,17,35,20,11.6,89
微站1,2022/10/19 3:00,18,32,21,12,89
微站1,2022/10/19 2:00,13,28,21,12.3,87
微站1,2022/10/19 1:00,15,29,21,12.6,82
微站1,2022/10/19 0:00,15,31,20,13.2,79
微站1,2022/10/18 23:00,23,41,20,13.9,77
微站1,2022/10/18 22:00,28,44,20,14.8,72
微站1,2022/10/18 21:00,28,45,19,15.7,65
微站1,2022/10/18 20:00,27,41,18,16.8,58
微站1,2022/10/18 19:00,21,35,14,18.4,50
微站1,2022/10/18 18:00,19,32,8,20.6,42
微站1,2022/10/18 17:00,21,35,6,23.1,33
微站1,2022/10/18 16:00,19,33,5,23.4,32
微站1,2022/10/18 15:00,19,32,5,22.5,35
微站1,2022/10/18 14:00,18,31,5,21.6,34
微站1,2022/10/18 13:00,16,31,6,20.7,35
微站1,2022/10/18 12:00,15,30,7,18.9,39
微站1,2022/10/18 11:00,14,31,9,17.4,43
微站1,2022/10/18 10:00,15,32,12,16.2,51
微站1,2022/10/18 9:00,16,34,14,14.7,58
微站1,2022/10/18 8:00,19,38,17,13.1,64
微站1,2022/10/18 7:00,17,35,17,11.8,68
微站1,2022/10/18 6:00,16,33,16,12.1,65
微站1,2022/10/18 5:00,16,33,14,12.8,59
微站1,2022/10/18 4:00,15,33,13,13.3,53
微站1,2022/10/18 3:00,16,33,13,13.6,52
微站1,2022/10/18 2:00,16,32,13,13.9,51
微站1,2022/10/18 1:00,17,32,13,14.2,50
微站1,2022/10/18 0:00,18,34,11,14.8,45
微站1,2022/10/17 23:00,19,34,12,15.1,48
微站1,2022/10/17 22:00,18,33,11,16.1,46
微站1,2022/10/17 21:00,17,32,10,16.9,45
微站1,2022/10/17 20:00,16,32,10,17.8,45
微站1,2022/10/17 19:00,16,33,10,18.8,44
微站1,2022/10/17 18:00,15,34,7,20.4,40
微站1,2022/10/17 17:00,14,32,4,22.8,35
微站1,2022/10/17 16:00,13,32,4,23.2,36
微站1,2022/10/17 15:00,13,31,4,23.3,36
微站1,2022/10/17 14:00,14,32,5,22.8,40
微站1,2022/10/17 13:00,14,34,5,22.5,42
微站1,2022/10/17 12:00,14,35,6,22,46
微站1,2022/10/17 11:00,15,37,8,21.3,53
微站1,2022/10/17 10:00,16,37,10,20.4,61
微站1,2022/10/17 9:00,22,45,13,19.8,73
微站1,2022/10/17 8:00,44,72,16,19.3,83
微站1,2022/10/17 7:00,59,71,18,18.9,93
微站1,2022/10/17 6:00,45,68,19,19.1,95
微站1,2022/10/17 5:00,52,72,19,19.2,93
微站1,2022/10/17 4:00,46,63,19,19.2,93
微站1,2022/10/17 3:00,44,69,19,19.2,93
微站1,2022/10/17 2:00,42,51,20,18.9,93
微站1,2022/10/17 1:00,32,47,20,18.5,92
微站1,2022/10/17 0:00,34,52,20,18.5,90
微站1,2022/10/16 23:00,30,61,19,19.1,85
微站1,2022/10/16 22:00,32,49,18,19.7,80
微站1,2022/10/16 21:00,55,60,17,20.5,75
微站1,2022/10/16 20:00,52,58,16,21.6,68
微站1,2022/10/16 19:00,52,57,14,22.8,60
微站1,2022/10/16 18:00,46,52,10,24.5,50
微站1,2022/10/16 17:00,41,45,4,26.8,42
微站1,2022/10/16 16:00,31,36,2,27.9,37
微站1,2022/10/16 15:00,31,37,2,27.3,39
微站1,2022/10/16 14:00,40,45,4,26.6,45
微站1,2022/10/16 13:00,39,45,7,25.3,52
微站1,2022/10/16 12:00,39,46,10,23.3,62
微站1,2022/10/16 11:00,42,48,14,21.8,74
微站1,2022/10/16 10:00,43,54,17,20,87
微站1,2022/10/16 9:00,36,44,22,18.3,98
微站1,2022/10/16 8:00,43,57,24,16.6,99
微站1,2022/10/16 7:00,37,59,22,15.4,99
微站1,2022/10/16 6:00,35,47,21,15.3,99
微站1,2022/10/16 5:00,37,44,22,15.5,99
微站1,2022/10/16 4:00,32,46,22,15.8,99
微站1,2022/10/16 3:00,35,52,22,16.1,99
微站1,2022/10/16 2:00,20,35,22,16.5,98
微站1,2022/10/16 1:00,21,32,21,16.9,95
微站1,2022/10/16 0:00,25,44,21,17.5,91
微站1,2022/10/15 23:00,36,51,20,18.3,87
微站1,2022/10/15 22:00,36,46,19,19.1,82
微站1,2022/10/15 21:00,34,43,18,19.9,77
微站1,2022/10/15 20:00,32,42,17,21,68
微站1,2022/10/15 19:00,33,40,14,22,62
微站1,2022/10/15 18:00,32,39,10,24.2,54
微站1,2022/10/15 17:00,36,42,7,26.3,47
微站1,2022/10/15 16:00,40,44,6,27.1,46
微站1,2022/10/15 15:00,34,38,6,26.9,46
微站1,2022/10/15 14:00,25,33,6,26.1,48
微站1,2022/10/15 13:00,24,31,6,25.2,52
微站1,2022/10/15 12:00,22,31,9,23.4,59
微站1,2022/10/15 11:00,22,32,12,21.7,67
微站1,2022/10/15 10:00,25,34,14,20,76
微站1,2022/10/15 9:00,33,43,20,18.2,95
微站1,2022/10/15 8:00,34,50,24,16.3,99
微站1,2022/10/15 7:00,29,47,23,15,99
微站1,2022/10/15 6:00,26,52,21,15,99
微站1,2022/10/15 5:00,25,32,20,15.4,99
微站1,2022/10/15 4:00,25,31,21,15.9,99
微站1,2022/10/15 3:00,18,37,20,16.1,99
微站1,2022/10/15 2:00,14,31,20,16.6,96
微站1,2022/10/15 1:00,19,32,19,17.2,92
微站1,2022/10/15 0:00,21,38,19,18,88
微站1,2022/10/14 23:00,21,32,18,18.7,84
微站1,2022/10/14 22:00,26,37,17,19.6,80
微站1,2022/10/14 21:00,26,37,18,20.3,78
微站1,2022/10/14 20:00,27,39,17,21,74
微站1,2022/10/14 19:00,31,44,16,22.5,67
微站1,2022/10/14 18:00,26,39,13,24.1,59
微站1,2022/10/14 17:00,26,38,8,26.5,50
微站1,2022/10/14 16:00,25,35,7,26.6,49
微站1,2022/10/14 15:00,23,34,8,25.8,53
微站1,2022/10/14 14:00,23,33,8,25.3,57
微站1,2022/10/14 13:00,24,36,9,24.6,61
微站1,2022/10/14 12:00,20,33,11,23.8,66
微站1,2022/10/14 11:00,21,35,15,22.2,77
微站1,2022/10/14 10:00,26,35,19,20.9,88
微站1,2022/10/14 9:00,26,36,22,18.9,97
微站1,2022/10/14 8:00,19,36,25,17,99
微站1,2022/10/14 7:00,20,35,23,15.5,99
微站1,2022/10/14 6:00,18,33,22,15.4,99
微站1,2022/10/14 5:00,19,44,23,15.5,99
微站1,2022/10/14 4:00,22,45,22,15.7,99
微站1,2022/10/14 3:00,20,36,21,16.1,99
微站1,2022/10/14 2:00,20,29,22,16.5,99
微站1,2022/10/14 1:00,16,39,21,16.8,97
微站1,2022/10/14 0:00,21,36,21,17.4,94
微站1,2022/10/13 23:00,18,32,21,18.2,92
微站1,2022/10/13 22:00,14,29,21,19,87
微站1,2022/10/13 21:00,24,36,20,19.8,79
微站1,2022/10/13 20:00,29,39,17,21,69
微站1,2022/10/13 19:00,24,37,15,22.5,60
微站1,2022/10/13 18:00,20,37,10,25.2,49
微站1,2022/10/13 17:00,18,33,4,28.2,40
微站1,2022/10/13 16:00,16,31,3,28.3,39
微站1,2022/10/13 15:00,17,31,6,26.9,42
微站1,2022/10/13 14:00,16,29,5,25.7,44
微站1,2022/10/13 13:00,17,30,6,24.5,49
微站1,2022/10/13 12:00,16,30,9,23.2,55
微站1,2022/10/13 11:00,16,32,12,21.5,61
微站1,2022/10/13 10:00,16,32,14,19.8,67
微站1,2022/10/13 9:00,20,36,17,18,77
微站1,2022/10/13 8:00,20,38,21,15.8,92
微站1,2022/10/13 7:00,13,28,22,14.2,97
微站1,2022/10/13 6:00,21,45,20,14.2,92
微站1,2022/10/13 5:00,19,36,19,15,89
微站1,2022/10/13 4:00,23,36,21,15.6,92
微站1,2022/10/13 3:00,17,38,21,15.2,93
微站1,2022/10/13 2:00,11,21,21,14.7,91
微站1,2022/10/13 1:00,16,41,21,14.9,86
微站1,2022/10/13 0:00,14,30,21,15.4,84
微站1,2022/10/12 23:00,15,40,20,15.8,81
微站1,2022/10/12 22:00,23,37,18,16.7,75
微站1,2022/10/12 21:00,24,37,17,17.6,69
微站1,2022/10/12 20:00,23,35,15,18.7,62
微站1,2022/10/12 19:00,22,36,13,20.3,57
微站1,2022/10/12 18:00,17,32,9,22.8,47
微站1,2022/10/12 17:00,15,30,5,25.2,40
微站1,2022/10/12 16:00,17,30,5,25.4,40
微站1,2022/10/12 15:00,16,30,5,24.5,42
微站1,2022/10/12 14:00,16,29,6,23.7,44
微站1,2022/10/12 13:00,16,28,6,22.6,46
微站1,2022/10/12 12:00,14,29,7,21.4,50
微站1,2022/10/12 11:00,15,30,9,20.3,56
微站1,2022/10/12 10:00,15,30,12,19.2,64
微站1,2022/10/12 9:00,29,44,20,17.2,87
微站1,2022/10/12 8:00,16,37,24,14.5,99
微站1,2022/10/12 7:00,16,35,23,12.9,99
微站1,2022/10/12 6:00,15,35,22,12.7,99
微站1,2022/10/12 5:00,19,37,21,12.8,99
微站1,2022/10/12 4:00,14,29,21,12.9,97
微站1,2022/10/12 3:00,18,34,21,13.3,94
微站1,2022/10/12 2:00,15,30,21,13.7,93
微站1,2022/10/12 1:00,15,31,21,14,90
微站1,2022/10/12 0:00,23,35,21,14.4,87
微站1,2022/10/11 23:00,21,41,21,15.1,82
微站1,2022/10/11 22:00,38,53,20,16,75
微站1,2022/10/11 21:00,26,37,17,17,66
微站1,2022/10/11 20:00,28,37,16,18,60
微站1,2022/10/11 19:00,34,42,14,19.4,53
微站1,2022/10/11 18:00,32,43,9,21.7,45
微站1,2022/10/11 17:00,30,40,5,24.3,36
微站1,2022/10/11 16:00,27,39,4,24.2,34
微站1,2022/10/11 15:00,30,39,4,23.7,35
微站1,2022/10/11 14:00,30,38,4,23.3,36
微站1,2022/10/11 13:00,28,37,6,22.1,37
微站1,2022/10/11 12:00,29,39,8,19.8,40
微站1,2022/10/11 11:00,29,40,9,18.2,40
微站1,2022/10/11 10:00,35,47,11,16.6,44
微站1,2022/10/11 9:00,30,45,14,15.2,52
微站1,2022/10/11 8:00,31,52,17,13.8,63
微站1,2022/10/11 7:00,29,45,18,12.8,72
微站1,2022/10/11 6:00,22,38,18,12.8,66
微站1,2022/10/11 5:00,20,37,17,12.4,67
微站1,2022/10/11 4:00,18,41,19,12,70
微站1,2022/10/11 3:00,38,44,19,11.2,75
微站1,2022/10/11 2:00,33,45,18,10.7,72
微站1,2022/10/11 1:00,27,41,19,11,68
微站1,2022/10/11 0:00,24,38,18,11.5,65
微站1,2022/10/10 23:00,21,34,15,12.3,58
微站1,2022/10/10 22:00,20,33,14,12.8,55
微站1,2022/10/10 21:00,18,32,14,13.6,53
微站1,2022/10/10 20:00,18,32,12,14.8,49
微站1,2022/10/10 19:00,22,34,11,16.1,44
微站1,2022/10/10 18:00,19,35,7,17.9,34
微站1,2022/10/10 17:00,18,32,4,19.6,28
微站1,2022/10/10 16:00,18,31,3,19.6,28
微站1,2022/10/10 15:00,18,31,3,19.6,27
微站1,2022/10/10 14:00,17,31,3,19.2,28
微站1,2022/10/10 13:00,6,23,16,25.8,20
微站1,2022/10/10 12:00,6,19,18,26,21
微站1,2022/10/10 11:00,7,22,17,24.6,24
微站1,2022/10/10 10:00,8,25,15,22.6,28
微站1,2022/10/10 9:00,18,36,10,14,44
微站1,2022/10/10 8:00,20,37,12,12.8,51
微站1,2022/10/10 7:00,6,26,22,11.6,49
微站1,2022/10/10 6:00,6,26,29,10.3,53
微站1,2022/10/10 5:00,7,26,27,10,53
微站1,2022/10/10 4:00,7,26,23,10.4,54
微站1,2022/10/10 3:00,9,32,20,10.7,66
微站1,2022/10/10 2:00,8,26,27,11.4,72
微站1,2022/10/10 1:00,7,28,33,11.7,64
微站1,2022/10/10 0:00,7,38,28,12,53
微站1,2022/10/9 23:00,6,38,27,12.6,50
微站1,2022/10/9 22:00,6,39,27,13,49
微站1,2022/10/9 21:00,6,36,28,13.8,47
微站1,2022/10/9 20:00,6,36,26,14.4,43
微站1,2022/10/9 19:00,6,36,26,14.6,41
微站1,2022/10/9 18:00,6,38,28,14.7,40
微站1,2022/10/9 17:00,6,39,29,15.3,39
微站1,2022/10/9 16:00,6,34,28,16.9,35
微站1,2022/10/9 15:00,6,32,27,18.6,33
微站1,2022/10/9 14:00,6,31,22,19,34
微站1,2022/10/9 13:00,7,31,15,18.2,37
微站1,2022/10/9 12:00,8,35,13,16.9,49
微站1,2022/10/9 11:00,12,46,24,14.2,70
微站1,2022/10/9 10:00,13,47,27,13.6,72
微站1,2022/10/9 9:00,14,47,30,13.5,76
微站1,2022/10/9 8:00,21,56,32,15.4,76
微站1,2022/10/9 7:00,22,60,29,18.6,62
微站1,2022/10/9 6:00,19,53,29,18.9,60
微站1,2022/10/9 5:00,18,49,30,19.1,58
微站1,2022/10/9 4:00,16,44,26,19.2,57
微站1,2022/10/9 3:00,15,41,24,19.2,56
微站1,2022/10/9 2:00,15,41,24,19.2,58
微站1,2022/10/9 1:00,17,46,26,19.3,59
微站1,2022/10/9 0:00,16,44,29,19.1,58
微站1,2022/10/8 23:00,14,38,29,19.3,55
微站1,2022/10/8 22:00,13,36,30,19.3,52
微站1,2022/10/8 21:00,12,35,29,19.4,49
微站1,2022/10/8 20:00,13,37,30,19.3,49
微站1,2022/10/8 19:00,14,41,28,19.5,48
微站1,2022/10/8 18:00,16,46,31,19.6,46
微站1,2022/10/8 17:00,14,40,29,19.8,43
微站1,2022/10/8 16:00,13,35,27,20.4,41
微站1,2022/10/8 15:00,14,38,25,21.1,39
微站1,2022/10/8 14:00,19,50,22,22.9,41
微站1,2022/10/8 13:00,20,50,25,23.3,37
微站1,2022/10/8 12:00,19,49,23,23.5,34
微站1,2022/10/8 11:00,20,50,20,23.7,34
微站1,2022/10/8 10:00,24,60,20,22.5,38
微站1,2022/10/8 9:00,29,74,18,21,44
微站1,2022/10/8 8:00,35,91,16,19.7,54
微站1,2022/10/8 7:00,36,94,27,16.1,67
微站1,2022/10/8 6:00,35,89,32,13.8,73
微站1,2022/10/8 5:00,32,79,27,13.6,73
微站1,2022/10/8 4:00,30,74,25,13.6,72
微站1,2022/10/8 3:00,28,68,26,13.5,72
微站1,2022/10/8 2:00,25,62,26,13.8,70
微站1,2022/10/8 1:00,24,59,26,14,69
微站1,2022/10/8 0:00,24,61,26,14.3,67
微站1,2022/10/7 23:00,24,61,28,14.7,66
微站1,2022/10/7 22:00,24,62,30,14.9,63
微站1,2022/10/7 21:00,24,65,33,15.4,61
微站1,2022/10/7 20:00,28,76,38,16.1,58
微站1,2022/10/7 19:00,26,69,38,17.1,52
微站1,2022/10/7 18:00,26,74,42,18,45
微站1,2022/10/7 17:00,23,66,35,19.3,37
微站1,2022/10/7 16:00,19,53,27,22.6,28
微站1,2022/10/7 15:00,17,45,26,22.8,27
微站1,2022/10/7 14:00,17,45,22,23.5,26
微站1,2022/10/7 13:00,18,48,20,25.1,23
微站1,2022/10/7 12:00,18,47,20,25.7,22
微站1,2022/10/7 11:00,19,48,20,24,27
微站1,2022/10/7 10:00,20,51,17,21.7,31
微站1,2022/10/7 9:00,26,67,15,19.9,40
微站1,2022/10/7 8:00,27,73,18,16.9,51
微站1,2022/10/7 7:00,19,54,23,14.5,63
微站1,2022/10/7 6:00,10,31,28,12,71
微站1,2022/10/7 5:00,8,29,29,11.6,76
微站1,2022/10/7 4:00,10,28,24,11.9,72
微站1,2022/10/7 3:00,7,22,25,12.2,73
微站1,2022/10/7 2:00,7,21,27,12.5,74
微站1,2022/10/7 1:00,7,21,30,13.1,71
微站1,2022/10/7 0:00,7,22,26,14.1,68
微站1,2022/10/6 23:00,10,34,33,15.3,67
微站1,2022/10/6 22:00,10,35,34,16.5,56
微站1,2022/10/6 21:00,14,43,31,16.9,48
微站1,2022/10/6 20:00,17,47,26,17.3,51
微站1,2022/10/6 19:00,14,41,29,17.4,49
微站1,2022/10/6 18:00,11,36,29,17.3,47
微站1,2022/10/6 17:00,8,29,36,17.6,42
微站1,2022/10/6 16:00,6,21,27,18.5,32
微站1,2022/10/6 15:00,6,20,26,19,30
微站1,2022/10/6 14:00,6,19,27,18.8,29
微站1,2022/10/6 13:00,5,18,23,19.5,26
微站1,2022/10/6 12:00,6,18,23,19,28
微站1,2022/10/6 11:00,5,18,24,18.8,30
微站1,2022/10/6 10:00,5,18,21,18.6,32
微站1,2022/10/6 9:00,5,18,19,17.6,34
微站1,2022/10/6 8:00,6,23,16,16.8,40
微站1,2022/10/6 7:00,7,24,18,15.1,48
微站1,2022/10/6 6:00,14,41,26,12.9,60
微站1,2022/10/6 5:00,14,39,29,12.5,64
微站1,2022/10/6 4:00,12,34,33,13.4,63
微站1,2022/10/6 3:00,10,32,30,14,57
微站1,2022/10/6 2:00,8,25,28,14.5,54
微站1,2022/10/6 1:00,6,19,26,14.8,51
微站1,2022/10/6 0:00,7,20,25,15,50
微站1,2022/10/5 23:00,6,19,24,15.3,49
微站1,2022/10/5 22:00,6,18,25,15,50
微站1,2022/10/5 21:00,6,18,23,15.1,49
微站1,2022/10/5 20:00,6,21,25,15.2,50
微站1,2022/10/5 19:00,6,19,26,15.3,48
微站1,2022/10/5 18:00,5,18,25,15.7,46
微站1,2022/10/5 17:00,6,20,27,16.4,45
微站1,2022/10/5 16:00,6,20,27,17.4,40
微站1,2022/10/5 15:00,4,16,29,18.1,37
微站1,2022/10/5 14:00,4,15,32,18.7,35
微站1,2022/10/5 13:00,4,14,21,21,29
微站1,2022/10/5 12:00,4,14,21,19.8,29
微站1,2022/10/5 11:00,4,15,19,18.2,33
微站1,2022/10/5 10:00,4,16,19,16.7,35
微站1,2022/10/5 9:00,4,16,18,15.7,38
微站1,2022/10/5 8:00,5,17,14,14.4,42
微站1,2022/10/5 7:00,6,26,17,13.3,55
微站1,2022/10/5 6:00,10,35,27,11.6,64
微站1,2022/10/5 5:00,10,35,28,11.4,64
微站1,2022/10/5 4:00,6,22,27,11.8,62
微站1,2022/10/5 3:00,6,20,27,12.6,58
微站1,2022/10/5 2:00,7,23,25,13.1,55
微站1,2022/10/5 1:00,5,19,25,13.2,53
微站1,2022/10/5 0:00,6,20,24,13.4,53
微站1,2022/10/4 23:00,6,20,25,13.6,55
微站1,2022/10/4 22:00,6,20,25,13.7,53
微站1,2022/10/4 21:00,6,22,23,13.8,52
微站1,2022/10/4 20:00,6,23,24,13.9,54
微站1,2022/10/4 19:00,6,23,25,13.5,53
微站1,2022/10/4 18:00,6,22,26,13.6,53
微站1,2022/10/4 17:00,6,22,26,14,52
微站1,2022/10/4 16:00,6,21,26,14.9,49
微站1,2022/10/4 15:00,6,21,25,15.3,47
微站1,2022/10/4 14:00,6,22,25,15.7,47
微站1,2022/10/4 13:00,6,23,25,16.3,46
微站1,2022/10/4 12:00,6,23,24,16.6,46
微站1,2022/10/4 11:00,6,24,23,16.7,48
微站1,2022/10/4 10:00,6,25,16,16.7,48
微站1,2022/10/4 9:00,7,27,21,15.6,52
微站1,2022/10/4 8:00,7,28,23,14.7,56
微站1,2022/10/4 7:00,8,29,20,14.3,59
微站1,2022/10/4 6:00,8,29,24,14,63
微站1,2022/10/4 5:00,8,29,22,14.1,64
微站1,2022/10/4 4:00,8,31,19,14.4,66
微站1,2022/10/4 3:00,9,31,23,14.6,66
微站1,2022/10/4 2:00,9,33,21,14.7,70
微站1,2022/10/4 1:00,9,31,19,14.8,75
微站1,2022/10/4 0:00,8,24,20,15,82
微站1,2022/10/3 23:00,6,18,23,15.6,84
微站1,2022/10/3 22:00,6,17,22,15.7,85
微站1,2022/10/3 21:00,4,12,23,16.3,86
微站1,2022/10/3 20:00,3,11,23,16.2,86
微站1,2022/10/3 19:00,4,12,30,16.8,88
微站1,2022/10/3 18:00,5,15,20,19.3,87
微站1,2022/10/3 17:00,5,15,20,22,83
微站1,2022/10/3 16:00,5,16,20,23.1,83
微站1,2022/10/3 15:00,4,14,17,24,82
微站1,2022/10/3 14:00,4,13,40,24.2,82
微站1,2022/10/3 13:00,11,30,25,25.8,81
微站1,2022/10/3 12:00,14,35,21,29.5,71
微站1,2022/10/3 11:00,13,34,31,28.8,73
微站1,2022/10/3 10:00,13,34,25,28.7,73
微站1,2022/10/3 9:00,9,24,8,28.6,74
微站1,2022/10/3 8:00,12,30,36,26.6,82
微站1,2022/10/3 7:00,22,54,28,24.4,88
微站1,2022/10/3 6:00,31,76,27,24.6,86
微站1,2022/10/3 5:00,27,65,23,24.7,85
微站1,2022/10/3 4:00,26,64,21,24.5,86
微站1,2022/10/3 3:00,35,86,22,24.8,85
微站1,2022/10/3 2:00,37,89,23,24.7,86
微站1,2022/10/3 1:00,32,79,27,24.3,87
微站1,2022/10/3 0:00,20,52,25,25,84
微站1,2022/10/2 23:00,18,45,21,25.5,82
微站1,2022/10/2 22:00,14,36,24,25.5,82
微站1,2022/10/2 21:00,12,31,24,26.1,80
微站1,2022/10/2 20:00,13,35,25,26.1,81
微站1,2022/10/2 19:00,16,41,27,26.5,79
微站1,2022/10/2 18:00,13,36,32,26.7,80
微站1,2022/10/2 17:00,12,32,28,26.1,81
微站1,2022/10/2 16:00,10,28,25,26.1,81
微站1,2022/10/2 15:00,8,26,25,25.9,82
微站1,2022/10/2 14:00,9,24,22,25.7,83
微站1,2022/10/2 13:00,9,26,31,26.1,83
微站1,2022/10/2 12:00,10,26,24,26.7,81
微站1,2022/10/2 11:00,27,69,19,27,83
微站1,2022/10/2 10:00,29,74,20,26.8,84
微站1,2022/10/2 9:00,22,56,23,26.4,85
微站1,2022/10/2 8:00,10,28,23,25.8,86
微站1,2022/10/2 7:00,8,23,22,25.4,86
微站1,2022/10/2 6:00,10,26,24,25.5,86
微站1,2022/10/2 5:00,12,38,21,25.6,84
微站1,2022/10/2 4:00,10,27,23,25.5,82
微站1,2022/10/2 3:00,6,18,22,25.7,80
微站1,2022/10/2 2:00,9,24,16,26.2,76
微站1,2022/10/2 1:00,11,29,21,25.5,78
微站1,2022/10/2 0:00,11,29,22,25.4,76
微站1,2022/10/1 23:00,10,28,23,25.2,74
微站1,2022/10/1 22:00,10,28,23,25.4,69
微站1,2022/10/1 21:00,8,22,20,25.3,68
微站1,2022/10/1 20:00,6,18,18,25.3,67
微站1,2022/10/1 19:00,7,20,20,24.8,70
微站1,2022/10/1 18:00,7,20,21,24.8,69
微站1,2022/10/1 17:00,7,20,22,25,68
微站1,2022/10/1 16:00,7,22,22,25.9,66
微站1,2022/10/1 15:00,7,22,20,26.8,64
微站1,2022/10/1 14:00,7,21,20,26.9,63
微站1,2022/10/1 13:00,7,20,20,27.3,62
微站1,2022/10/1 12:00,7,20,15,27.5,61
微站1,2022/10/1 11:00,8,22,23,26.5,66
微站1,2022/10/1 10:00,7,20,18,26.9,64
微站1,2022/10/1 9:00,7,21,16,26.5,66
微站1,2022/10/1 8:00,8,23,17,25.7,69
微站1,2022/10/1 7:00,8,24,19,24.9,71
微站1,2022/10/1 6:00,10,28,24,23.1,74
微站1,2022/10/1 5:00,9,25,24,23.2,74
微站1,2022/10/1 4:00,8,22,24,23.6,72
微站1,2022/10/1 3:00,7,19,20,24.3,70
微站1,2022/10/1 2:00,7,20,17,24.1,71
微站1,2022/10/1 1:00,8,22,21,23.5,75
微站1,2022/10/1 0:00,8,21,22,23.5,74
微站1,2022/9/30 23:00,7,20,21,23.7,73
微站1,2022/9/30 22:00,7,19,20,23.9,73
微站1,2022/9/30 21:00,7,20,22,23.9,73
微站1,2022/9/30 20:00,7,20,22,24.2,71
微站1,2022/9/30 19:00,7,19,23,24.1,71
微站1,2022/9/30 18:00,7,20,25,24.6,69
微站1,2022/9/30 17:00,6,20,26,25.8,64
微站1,2022/9/30 16:00,6,27,40,27.9,55
微站1,2022/9/30 15:00,6,26,38,28.9,50
微站1,2022/9/30 14:00,5,22,28,30.1,45
微站1,2022/9/30 13:00,5,19,29,30.8,42
微站1,2022/9/30 12:00,6,24,26,29.8,46
微站1,2022/9/30 11:00,8,28,30,29.3,50
微站1,2022/9/30 10:00,9,31,26,29.1,52
微站1,2022/9/30 9:00,8,32,30,27.8,56
微站1,2022/9/30 8:00,7,31,30,27,59
微站1,2022/9/30 7:00,8,33,34,25.1,66
微站1,2022/9/30 6:00,8,30,39,23.8,73
微站1,2022/9/30 5:00,6,23,39,23.3,76
微站1,2022/9/30 4:00,7,24,37,23.4,75
微站1,2022/9/30 3:00,9,29,37,23.4,76
微站1,2022/9/30 2:00,12,38,38,23.5,76
微站1,2022/9/30 1:00,17,49,38,23.5,75
微站1,2022/9/30 0:00,17,49,39,23.5,73
