站点,时间,CO mg/m³,NO2,PM10,PM2.5,SO₂ μg/m³,O₃ μg/m³,temperature,humidity,气压 hPa,风速 m/s,风向
标准站,2022/11/30 23:00,0.8,15,33,16,6,46,1.5,74,1032.28,0.94,351.3218
标准站,2022/11/30 22:00,0.7,15,33,16,5,51,1.7,74,1032.42,1.34,0.4159
标准站,2022/11/30 21:00,0.6,16,38,16,5,52,1.8,76,1032.71,1.39,5.0854
标准站,2022/11/30 20:00,0.7,21,41,18,5,39,1.9,79,1032.94,1.21,1.6347
标准站,2022/11/30 19:00,0.7,23,41,17,5,34,1.7,78,1032.94,0.68,334.3859
标准站,2022/11/30 18:00,0.7,27,40,16,5,29,1.7,78,1032.77,0.39,287.3445
标准站,2022/11/30 17:00,0.8,30,43,17,5,28,1.8,78,1032.18,0.42,312.8476
标准站,2022/11/30 16:00,0.8,28,45,17,5,33,1.9,77,1031.7,1.09,358.368
标准站,2022/11/30 15:00,0.7,24,41,17,5,39,2.2,76,1031.54,1.27,0.8065
标准站,2022/11/30 14:00,0.7,22,42,15,6,39,2.1,75,1031.45,1.15,0.964
标准站,2022/11/30 13:00,0.7,20,38,14,6,41,2,73,1031.37,1.09,3.0108
标准站,2022/11/30 12:00,0.7,17,35,12,6,42,1.8,73,1032.04,0.76,339.9882
标准站,2022/11/30 11:00,0.7,17,36,12,5,44,2,71,1032.74,0.91,355.8815
标准站,2022/11/30 10:00,0.7,16,37,12,5,43,1.7,71,1033.56,0.98,352.4363
标准站,2022/11/30 9:00,0.7,17,39,12,6,41,1.5,72,1033.42,0.98,334.7021
标准站,2022/11/30 8:00,0.7,17,31,12,5,41,1.6,73,1033.01,0.59,309.1032
标准站,2022/11/30 7:00,0.7,16,33,11,5,45,1.4,76,1032.97,1.22,2.2213
标准站,2022/11/30 6:00,0.6,9,33,10,4,50,1.5,77,1032.88,0.91,357.3298
标准站,2022/11/30 5:00,0.5,9,34,11,4,52,1.9,80,1031.76,1.5,0.9852
标准站,2022/11/30 4:00,0.5,10,25,11,4,54,1.5,96,1031.24,2.13,3.3644
标准站,2022/11/30 3:00,0.5,8,24,11,3,54,1.5,99,1031.21,2.64,2.9082
标准站,2022/11/30 2:00,0.6,9,15,11,4,55,1.9,98,1030.48,2.42,1.0999
标准站,2022/11/30 1:00,0.6,9,20,9,3,58,2.2,98,1030.12,2.16,4.0427
标准站,2022/11/30 0:00,0.6,10,16,8,4,56,3,98,1029.41,2.44,1.4647
标准站,2022/11/29 23:00,0.6,11,23,10,3,52,3.6,99,1028.75,2.65,4.6586
标准站,2022/11/29 22:00,0.6,11,19,9,4,53,4.5,99,1027.93,3.26,6.5389
标准站,2022/11/29 21:00,0.6,11,28,9,4,55,5.1,99,1026.91,3.66,11.8419
标准站,2022/11/29 20:00,0.6,13,31,12,4,51,6.1,99,1026.23,3.38,10.0682
标准站,2022/11/29 19:00,0.7,12,38,13,4,50,7.5,99,1024.75,3.78,16.9114
标准站,2022/11/29 18:00,0.7,11,48,15,3,49,8.1,99,1023.19,3.92,21.8444
标准站,2022/11/29 17:00,0.7,13,60,18,4,45,8.6,97,1021.54,3.98,17.7382
标准站,2022/11/29 16:00,0.7,12,60,19,4,44,9.2,94,1019.59,4.67,23.5297
标准站,2022/11/29 15:00,0.7,15,49,19,4,42,9.9,92,1018.67,3.57,24.269
标准站,2022/11/29 14:00,1.2,18,43,17,5,41,9.7,96,1018.51,3.8,22.0598
标准站,2022/11/29 13:00,1.1,17,30,13,4,40,9.5,99,1017.46,3.92,20.8086
标准站,2022/11/29 12:00,0.8,15,30,10,5,42,9.9,99,1018.04,3.91,22.8637
标准站,2022/11/29 11:00,1,20,42,11,5,42,11.1,98,1018.32,3.31,18.9941
标准站,2022/11/29 10:00,0.9,18,40,11,4,47,11.5,98,1017.3,3.9,22.2356
标准站,2022/11/29 9:00,0.9,17,17,9,4,49,12.3,98,1016.6,3.8,22.9239
标准站,2022/11/29 8:00,0.8,15,7,4,3,53,12.6,99,1015.58,3.7,18.0848
标准站,2022/11/29 7:00,0.9,16,12,3,4,46,12.9,99,1014.72,2.86,11.9645
标准站,2022/11/29 6:00,0.9,13,10,3,4,46,13.3,98,1013.81,2.83,16.6906
标准站,2022/11/29 5:00,0.9,11,7,3,3,45,13.9,98,1012.83,2.84,22.2859
标准站,2022/11/29 4:00,0.9,11,8,3,3,40,13.9,99,1011.6,3.47,13.2198
标准站,2022/11/29 3:00,1,17,14,5,4,28,13.9,99,1010.47,3.97,15.0762
标准站,2022/11/29 2:00,1.3,35,38,14,4,13,15.3,99,1010.34,3.21,18.3231
标准站,2022/11/29 1:00,1.1,33,47,38,4,18,16.9,95,1010.16,0.94,257.3197
标准站,2022/11/29 0:00,1.1,37,42,37,4,15,16.9,97,1009.58,0.53,262.0107
标准站,2022/11/28 23:00,1.1,36,39,42,4,18,17.1,97,1009.26,0.89,267.3813
标准站,2022/11/28 22:00,1,33,28,34,4,22,17.4,97,1008.85,1.67,261.975
标准站,2022/11/28 21:00,1.1,45,30,28,4,13,17.5,97,1008.13,1.45,256.5418
标准站,2022/11/28 20:00,1.1,54,35,30,4,7,17.9,96,1007.55,1.38,277.3697
标准站,2022/11/28 19:00,1,57,29,25,4,8,17.9,96,1006.83,1.17,257.9561
标准站,2022/11/28 18:00,0.9,57,29,16,4,6,17.8,96,1006.28,1.82,249.0236
标准站,2022/11/28 17:00,0.9,60,30,12,4,7,18.3,96,1005.32,2.97,248.6106
标准站,2022/11/28 16:00,0.9,56,33,12,4,12,18.8,95,1004.03,2.48,229.7994
标准站,2022/11/28 15:00,0.8,52,27,10,4,20,19.2,97,1003.56,1.8,209.3197
标准站,2022/11/28 14:00,0.8,44,30,8,4,32,19.7,96,1004,1.25,255.7874
标准站,2022/11/28 13:00,0.8,34,36,7,4,44,20.5,93,1003.35,2.06,227.3274
标准站,2022/11/28 12:00,0.7,20,35,7,5,64,21.7,82,1003.69,3.75,198.079
标准站,2022/11/28 11:00,0.7,18,26,7,5,68,21.9,81,1004.03,4.14,185.8096
标准站,2022/11/28 10:00,0.7,23,24,8,5,57,20.8,86,1005.79,3.83,191.029
标准站,2022/11/28 9:00,0.7,24,22,7,5,52,19.5,90,1006.69,2.99,183.5959
标准站,2022/11/28 8:00,0.7,20,17,7,5,54,18.9,93,1006.77,3.92,183.9034
标准站,2022/11/28 7:00,0.8,23,16,9,5,45,17.8,97,1007.12,3.07,182.5213
标准站,2022/11/28 6:00,0.7,20,15,12,5,43,17,98,1007.54,2.75,200.3123
标准站,2022/11/28 5:00,0.7,20,29,15,5,42,16.5,98,1007.58,2.49,175.3463
标准站,2022/11/28 4:00,0.8,38,30,20,5,21,15.9,96,1008.2,1.63,183.0159
标准站,2022/11/28 3:00,0.8,39,34,20,5,21,16.1,95,1008.46,1.05,199.81
标准站,2022/11/28 2:00,0.8,41,38,19,5,21,16.3,96,1008.57,1.46,234.0402
标准站,2022/11/28 1:00,0.8,41,37,20,5,23,16.1,95,1008.45,1.23,198.6739
标准站,2022/11/28 0:00,0.8,37,36,19,5,29,16.4,93,1008.68,1.46,209.6738
标准站,2022/11/27 23:00,0.8,43,42,22,5,25,16.7,92,1008.52,1.51,189.0622
标准站,2022/11/27 22:00,0.9,62,44,21,5,13,16.6,91,1008.76,1.22,149.9164
标准站,2022/11/27 21:00,0.9,68,61,23,5,9,16.4,90,1008.82,1.18,176.3093
标准站,2022/11/27 20:00,0.9,74,62,26,5,9,16.5,88,1008.59,1,177.8485
标准站,2022/11/27 19:00,0.9,58,54,23,5,26,16.8,85,1007.87,1.14,208.8197
标准站,2022/11/27 18:00,0.9,47,60,21,5,41,17.3,82,1007.16,2.15,207.5783
标准站,2022/11/27 17:00,0.9,45,54,19,5,51,18,78,1006.79,2.28,199.4008
标准站,2022/11/27 16:00,0.8,30,43,15,5,73,18.7,74,1006.62,3.17,199.0096
标准站,2022/11/27 15:00,0.8,24,41,13,5,82,19,72,1006.55,5.23,198.3859
标准站,2022/11/27 14:00,0.7,22,43,11,5,85,19,72,1006.94,4.59,196.8057
标准站,2022/11/27 13:00,0.8,25,47,11,6,85,18.8,74,1007.64,4.13,196.2022
标准站,2022/11/27 12:00,0.7,24,37,10,5,85,18.7,75,1008.48,4.07,193.1272
标准站,2022/11/27 11:00,0.7,23,34,12,6,83,18.6,76,1009.68,4.91,193.8252
标准站,2022/11/27 10:00,0.8,22,54,13,6,83,18.1,78,1010.91,5.35,193.3176
标准站,2022/11/27 9:00,0.8,27,21,17,5,68,16.8,84,1011.7,3.13,191.4639
标准站,2022/11/27 8:00,0.9,30,17,21,5,58,15.5,92,1012.01,2.8,186.2816
标准站,2022/11/27 7:00,0.9,31,37,24,5,47,14.4,92,1011.78,2.7,180.4445
标准站,2022/11/27 6:00,0.8,33,45,27,4,40,13.7,97,1011.8,1.98,165.265
标准站,2022/11/27 5:00,0.8,31,50,29,4,44,13.7,99,1011.63,1.77,172.8884
标准站,2022/11/27 4:00,0.8,31,51,29,4,49,13.8,95,1011.71,2.3,179.1732
标准站,2022/11/27 3:00,0.8,47,64,29,4,34,13.6,98,1012.34,2.27,175.4712
标准站,2022/11/27 2:00,0.9,65,69,29,4,14,13.3,99,1012.97,1.77,161.3646
标准站,2022/11/27 1:00,0.9,65,76,32,5,11,13.2,97,1013.23,1.17,159.7967
标准站,2022/11/27 0:00,1,71,62,33,6,12,13.6,96,1013.69,1.25,139.3411
标准站,2022/11/26 23:00,0.9,72,45,30,6,12,13.7,95,1014.16,1.49,132.828
标准站,2022/11/26 22:00,0.9,57,52,28,5,26,13.9,94,1014.8,1.75,123.5409
标准站,2022/11/26 21:00,0.9,66,69,31,5,24,14.1,91,1015.09,1.69,125.995
标准站,2022/11/26 20:00,1,52,68,32,5,39,14.7,85,1014.78,1.42,114.7194
标准站,2022/11/26 19:00,1.1,49,75,32,5,45,15.4,82,1014.56,1.27,94.1293
标准站,2022/11/26 18:00,1,52,96,35,5,51,16,81,1014.4,1.85,89.4411
标准站,2022/11/26 17:00,1.1,61,90,44,7,54,16.9,76,1014.12,1.61,84.9227
标准站,2022/11/26 16:00,1.2,45,66,36,6,81,18,69,1013.53,1.47,111.4027
标准站,2022/11/26 15:00,1,19,63,32,7,108,18.6,65,1013.11,1.91,92.3477
标准站,2022/11/26 14:00,1.1,18,92,39,8,111,18.5,69,1013.31,1.9,85.7864
标准站,2022/11/26 13:00,1.5,26,103,53,10,109,18.5,73,1013.85,2.18,56.6706
标准站,2022/11/26 12:00,1,20,98,52,7,115,19.1,70,1014.52,1.82,17.9429
标准站,2022/11/26 11:00,1.1,37,113,61,9,103,18.9,73,1015.16,1.87,16.9409
标准站,2022/11/26 10:00,1.4,69,130,77,12,73,18.2,79,1015.56,1.68,15.556
标准站,2022/11/26 9:00,1.3,84,132,79,10,43,17.8,82,1015.66,1.19,22.7218
标准站,2022/11/26 8:00,1.8,85,119,79,9,9,16.4,93,1015.36,0.37,195.1977
标准站,2022/11/26 7:00,1.8,66,123,72,8,6,13.9,91,1014.89,0.13,304.1392
标准站,2022/11/26 6:00,1.7,57,112,65,8,6,13.4,93,1014.21,0.44,229.5039
标准站,2022/11/26 5:00,1.5,63,112,65,7,6,13.3,99,1013.71,0.42,213.9168
标准站,2022/11/26 4:00,1.5,73,115,71,8,5,13.8,97,1013.37,0.41,200.4102
标准站,2022/11/26 3:00,1.5,87,114,76,8,5,14.7,96,1013.37,0.31,284.2614
标准站,2022/11/26 2:00,1.4,77,105,63,6,6,14.4,97,1013.18,0.46,348.3533
标准站,2022/11/26 1:00,1.5,84,114,59,6,6,14.5,97,1012.89,0.44,254.3243
标准站,2022/11/26 0:00,1.4,79,98,54,6,6,14.7,95,1012.78,0.33,260.0102
标准站,2022/11/25 23:00,1.4,87,99,50,6,6,14.6,96,1012.64,0.24,263.2188
标准站,2022/11/25 22:00,1.4,101,105,53,6,7,14.8,95,1012.54,0.72,192.9937
标准站,2022/11/25 21:00,1.4,83,110,51,6,8,15,93,1012.57,0.04,142.64
标准站,2022/11/25 20:00,1.3,90,92,48,6,6,16,88,1012.25,0.42,4.4266
标准站,2022/11/25 19:00,1.3,92,92,45,6,6,16.4,86,1012.19,0.13,10.2801
标准站,2022/11/25 18:00,1.1,94,95,41,5,10,17.2,82,1011.7,0.57,261.3445
标准站,2022/11/25 17:00,1.2,98,94,45,6,12,17.7,81,1011.19,0.62,237.7323
标准站,2022/11/25 16:00,1,93,82,44,6,18,18.4,78,1010.82,0.63,226.0287
标准站,2022/11/25 15:00,0.9,59,69,38,6,54,18.8,76,1010.7,0.77,229.6573
标准站,2022/11/25 14:00,0.8,50,59,32,6,56,18.6,79,1010.61,1.12,245.1688
标准站,2022/11/25 13:00,0.8,48,49,25,6,50,18.7,78,1010.84,1.52,243.2987
标准站,2022/11/25 12:00,0.8,40,42,21,6,52,18.8,77,1011.47,1.34,240.9986
标准站,2022/11/25 11:00,0.8,37,35,24,8,55,19,74,1012.47,1.58,222.7117
标准站,2022/11/25 10:00,0.8,38,39,26,8,54,18.4,76,1013.25,2.68,202.8643
标准站,2022/11/25 9:00,0.8,41,47,24,7,43,17,83,1013.86,2.79,199.9945
标准站,2022/11/25 8:00,0.9,54,71,26,6,22,15.5,90,1014.3,1.73,185.5993
标准站,2022/11/25 7:00,1.1,63,49,32,7,11,13.8,95,1014.67,0.58,164.9004
标准站,2022/11/25 6:00,0.8,64,53,28,5,9,13.3,96,1014.46,0.96,189.7762
标准站,2022/11/25 5:00,0.9,70,60,32,7,6,13.3,95,1014.42,0.8,189.5438
标准站,2022/11/25 4:00,0.9,76,67,34,7,6,13,95,1014.58,0.67,132.7352
标准站,2022/11/25 3:00,0.9,80,66,36,7,5,12.6,95,1015.05,0.81,129.9657
标准站,2022/11/25 2:00,0.9,80,74,32,6,5,12.4,95,1015.7,1.22,111.0334
标准站,2022/11/25 1:00,0.9,83,80,33,8,5,12.6,93,1016.35,1.29,109.4097
标准站,2022/11/25 0:00,0.9,88,85,32,6,5,13.1,89,1016.64,1.46,128.7438
标准站,2022/11/24 23:00,0.9,89,79,31,6,5,13.3,86,1016.82,1.41,133.4192
标准站,2022/11/24 22:00,1,91,84,31,6,6,13.6,82,1016.99,1.34,136.3119
标准站,2022/11/24 21:00,1,91,94,32,7,6,13.7,81,1017.19,1.01,132.0309
标准站,2022/11/24 20:00,1.1,95,97,35,8,6,14.4,75,1017.13,0.9,129.3417
标准站,2022/11/24 19:00,1.1,97,82,28,6,6,15,73,1017.1,0.9,148.0591
标准站,2022/11/24 18:00,1,99,77,28,6,7,15.6,69,1016.82,1.06,181.8162
标准站,2022/11/24 17:00,0.9,92,63,27,5,16,16.5,66,1016.39,1.17,181.0594
标准站,2022/11/24 16:00,0.9,65,50,18,6,49,18,58,1015.94,1.54,146.1312
标准站,2022/11/24 15:00,0.9,52,45,22,7,66,18.8,58,1015.75,1.5,170.8552
标准站,2022/11/24 14:00,0.9,37,47,18,7,79,18.8,58,1015.5,2.13,177.8386
标准站,2022/11/24 13:00,0.8,31,31,16,7,84,18.5,60,1015.7,2.22,170.8117
标准站,2022/11/24 12:00,0.8,30,26,17,7,80,18.1,63,1016.41,2.26,178.2849
标准站,2022/11/24 11:00,0.9,30,31,18,8,77,17.5,66,1017.25,2.06,156.7644
标准站,2022/11/24 10:00,1,37,40,22,11,64,16.2,76,1018.17,2.15,110.0681
标准站,2022/11/24 9:00,0.9,54,50,28,7,40,15,88,1018.23,1.65,97.7173
标准站,2022/11/24 8:00,1,57,45,30,6,28,14,95,1018.13,0.95,104.0482
标准站,2022/11/24 7:00,0.9,57,44,29,5,22,13.4,98,1017.58,0.63,117.3298
标准站,2022/11/24 6:00,0.9,62,41,28,5,12,13,98,1016.85,0.74,120.1662
标准站,2022/11/24 5:00,0.9,51,42,28,6,14,12.8,98,1016.66,0.88,139.2776
标准站,2022/11/24 4:00,0.8,40,43,29,4,19,12.8,98,1016.98,0.99,100.7546
标准站,2022/11/24 3:00,0.8,43,40,28,4,19,12.6,98,1017.46,0.57,42.8198
标准站,2022/11/24 2:00,0.8,49,42,26,5,12,12.5,98,1017.71,0.1,229.9124
标准站,2022/11/24 1:00,0.8,52,42,24,4,10,12.6,98,1017.7,0.55,260.3754
标准站,2022/11/24 0:00,0.8,59,30,23,5,9,12.7,98,1017.58,0.15,134.3634
标准站,2022/11/23 23:00,0.8,64,37,22,5,7,12.9,96,1017.66,0.65,54.9562
标准站,2022/11/23 22:00,0.8,71,43,22,5,5,13.8,93,1017.64,0.5,77.6188
标准站,2022/11/23 21:00,1,69,61,31,6,6,14.3,92,1017.39,1.32,115.6944
标准站,2022/11/23 20:00,1,68,57,28,6,8,14.8,88,1017.91,0.77,55.9167
标准站,2022/11/23 19:00,1,74,65,26,7,11,15.5,85,1017.97,0.78,45.3155
标准站,2022/11/23 18:00,1,74,53,25,6,15,16.2,81,1017.77,0.44,83.7457
标准站,2022/11/23 17:00,1,60,42,16,6,30,16.3,79,1017.22,0.24,309.1436
标准站,2022/11/23 16:00,1,35,45,15,7,53,16.6,78,1016.71,0.58,49.4447
标准站,2022/11/23 15:00,1,26,36,15,7,73,17.1,73,1016.66,0.73,47.5066
标准站,2022/11/23 14:00,0.9,23,37,16,6,77,17.2,73,1016.35,0.58,20.7944
标准站,2022/11/23 13:00,0.9,21,47,19,6,78,17.2,75,1016.61,1.02,47.7032
标准站,2022/11/23 12:00,1.2,25,53,23,7,72,17.4,76,1017.19,0.38,32.1027
标准站,2022/11/23 11:00,1.1,27,42,24,6,63,16.3,83,1018.16,0.64,29.518
标准站,2022/11/23 10:00,1.1,28,41,24,7,59,15.6,88,1018.67,0.94,30.5477
标准站,2022/11/23 9:00,1.1,35,41,25,6,47,15.1,93,1018.66,0.69,16.0068
标准站,2022/11/23 8:00,0.9,38,36,27,6,39,14.3,97,1018.06,1.13,10.8463
标准站,2022/11/23 7:00,0.9,32,34,27,5,41,13.9,98,1017.29,0.77,359.498
标准站,2022/11/23 6:00,0.7,22,34,23,4,49,13.7,98,1017.15,0.37,265.2104
标准站,2022/11/23 5:00,0.7,18,29,22,4,53,13.7,98,1016.68,0.29,236.0882
标准站,2022/11/23 4:00,0.7,14,34,20,4,59,13.8,98,1016.45,0.37,330.8939
标准站,2022/11/23 3:00,0.7,16,33,19,5,58,13.9,98,1016.32,0.25,306.8566
标准站,2022/11/23 2:00,0.8,21,33,20,5,52,14,99,1016.13,0.32,336.9277
标准站,2022/11/23 1:00,0.7,23,29,19,5,51,14.1,98,1016.02,0.62,268.8921
标准站,2022/11/23 0:00,0.7,24,17,16,5,53,14.1,98,1015.78,0.37,292.1
标准站,2022/11/22 23:00,0.7,24,19,11,4,58,14.2,98,1015.83,0.55,283.3248
标准站,2022/11/22 22:00,0.7,24,8,8,4,58,14.1,98,1015.67,1,254.8088
标准站,2022/11/22 21:00,0.7,23,10,4,4,68,13.9,98,1014.75,0.67,354.2702
标准站,2022/11/22 20:00,0.8,16,13,3,4,76,13.9,99,1014.35,2.51,16.4366
标准站,2022/11/22 19:00,0.8,21,18,8,4,71,14.6,99,1013.8,1.32,5.1484
标准站,2022/11/22 18:00,0.7,24,18,10,4,63,14.9,97,1012.84,0.57,286.0221
标准站,2022/11/22 17:00,0.8,31,15,9,4,59,15.1,97,1012.19,1.01,266.7559
标准站,2022/11/22 16:00,0.8,36,15,7,4,52,15.1,99,1011.82,0.73,272.3471
标准站,2022/11/22 15:00,0.9,40,20,7,4,47,15.1,99,1011.45,1.06,271.7187
标准站,2022/11/22 14:00,1,46,36,11,4,35,15.2,99,1011.43,1.63,273.4137
标准站,2022/11/22 13:00,1.1,64,39,29,4,28,15.7,94,1010.88,1.57,284.5143
标准站,2022/11/22 12:00,1,51,35,29,4,24,15.9,97,1010.39,0.85,279.0109
标准站,2022/11/22 11:00,1.1,57,35,29,4,16,15.7,97,1011.26,1.11,259.9921
标准站,2022/11/22 10:00,1,59,35,21,4,18,14.9,98,1011.15,0.25,258.5292
标准站,2022/11/22 9:00,0.9,46,24,16,4,26,14.9,99,1011.77,0.82,22.0808
标准站,2022/11/22 8:00,1,46,18,19,4,30,15,99,1011.26,0.78,76.671
标准站,2022/11/22 7:00,0.9,38,22,19,4,38,14.8,99,1011.25,1.48,148.7921
标准站,2022/11/22 6:00,0.9,26,26,23,4,49,14.8,99,1010.85,2.7,140.6081
标准站,2022/11/22 5:00,0.9,22,24,22,5,51,15,99,1011.23,2.98,116.1836
标准站,2022/11/22 4:00,0.9,28,31,25,4,36,15.8,99,1011.92,2.67,113.7918
标准站,2022/11/22 3:00,0.9,34,40,23,4,27,16,99,1012.68,1.38,56.3928
标准站,2022/11/22 2:00,0.9,40,44,20,4,20,16.3,98,1012.98,2.35,68.4504
标准站,2022/11/22 1:00,0.9,69,56,18,5,2,16.5,97,1013.41,0.9,91.0677
标准站,2022/11/22 0:00,1,73,68,23,5,1,16.5,95,1013.76,1.67,105.6921
标准站,2022/11/21 23:00,1,69,66,38,5,8,16.8,91,1014.52,1.24,90.6866
标准站,2022/11/21 22:00,1,65,63,38,5,15,17,88,1014.94,1.42,92.5154
标准站,2022/11/21 21:00,1.1,90,47,32,5,6,17.5,86,1014.96,1.18,124.6675
标准站,2022/11/21 20:00,1,67,29,20,5,15,17.7,88,1014.78,1.69,142.8263
标准站,2022/11/21 19:00,1.1,71,64,20,6,14,17.8,86,1014.46,1.88,104.299
标准站,2022/11/21 18:00,1.4,70,80,33,6,19,18.1,81,1014.12,0.99,118.4034
标准站,2022/11/21 17:00,1.4,84,78,37,7,17,18.9,76,1014.04,0.38,158.8392
标准站,2022/11/21 16:00,1.5,61,59,29,6,41,19.5,71,1014,0.38,146.5694
标准站,2022/11/21 15:00,1,31,51,28,6,67,20,67,1013.64,1.34,125.2964
标准站,2022/11/21 14:00,0.9,28,50,27,5,73,20,65,1013.52,2.41,188.1119
标准站,2022/11/21 13:00,1,23,42,24,5,72,19.7,69,1013.7,1.97,145.3942
标准站,2022/11/21 12:00,1.1,20,39,22,6,69,19.3,71,1014.3,2.17,113.9265
标准站,2022/11/21 11:00,1.2,23,55,31,6,62,18.7,73,1015.41,1.86,110.7745
标准站,2022/11/21 10:00,1.2,21,57,37,6,54,17.9,76,1016.58,1.52,85.8091
标准站,2022/11/21 9:00,1.3,28,57,48,6,35,16.8,89,1016.77,1.61,93.1774
标准站,2022/11/21 8:00,1.4,40,61,50,6,14,15.7,95,1016.88,0.83,102.1099
标准站,2022/11/21 7:00,1.4,45,68,36,5,5,13.7,97,1017.14,0.46,83.1908
标准站,2022/11/21 6:00,1.2,47,71,33,5,2,13.3,98,1016.8,0.2,220.3592
标准站,2022/11/21 5:00,1.2,48,67,35,6,2,13.7,99,1015.67,0.64,224.2944
标准站,2022/11/21 4:00,1.2,52,66,37,5,2,14.5,97,1015.72,0.29,69.3172
标准站,2022/11/21 3:00,1.2,58,71,38,5,3,14.8,97,1016.15,0.66,38.8559
标准站,2022/11/21 2:00,1.2,59,72,37,5,3,14.6,98,1016.42,0.56,8.4259
标准站,2022/11/21 1:00,1.2,72,70,35,5,1,14.4,98,1015.98,0.25,238.0122
标准站,2022/11/21 0:00,1.2,49,64,36,5,2,15.2,96,1015.78,0.35,195.6287
标准站,2022/11/20 23:00,1.2,54,59,36,5,2,15.5,94,1015.91,0.44,233.3462
标准站,2022/11/20 22:00,1.2,57,62,35,5,5,15.6,93,1015.88,0.44,191.6136
标准站,2022/11/20 21:00,1.2,62,69,36,5,6,15.9,91,1015.87,0.34,69.2693
标准站,2022/11/20 20:00,1.1,62,59,35,5,5,16.1,88,1015.55,0.22,313.8542
标准站,2022/11/20 19:00,1.1,53,65,35,5,15,16.3,86,1014.91,0.32,5.4939
标准站,2022/11/20 18:00,1.1,57,67,33,5,16,16.4,85,1014.71,0.31,301.5729
标准站,2022/11/20 17:00,1.3,66,63,32,5,14,16.4,83,1014.31,0.37,48.2901
标准站,2022/11/20 16:00,1.2,45,61,28,5,31,16.9,79,1014.35,0.86,267.4047
标准站,2022/11/20 15:00,1.2,40,56,28,5,35,17,78,1014.07,1.06,262.7142
标准站,2022/11/20 14:00,1.3,35,59,26,5,39,17.1,78,1013.77,0.96,267.4456
标准站,2022/11/20 13:00,1.2,35,59,29,4,35,16.7,81,1014.1,0.91,271.7233
标准站,2022/11/20 12:00,1.1,33,47,27,4,32,16.1,84,1014.77,0.98,278.6971
标准站,2022/11/20 11:00,1.2,32,39,23,4,40,16.2,81,1015.36,1.03,278.0675
标准站,2022/11/20 10:00,1,25,39,22,4,43,16.5,79,1015.98,1.79,265.389
标准站,2022/11/20 9:00,1.2,29,42,28,4,30,15.8,86,1016.43,1.29,267.4948
标准站,2022/11/20 8:00,1.2,31,42,28,4,26,15.3,91,1016.29,1.1,270.1952
标准站,2022/11/20 7:00,1.2,36,38,26,5,19,14.7,94,1015.78,0.77,245.8503
标准站,2022/11/20 6:00,1.1,24,40,26,4,29,14.6,94,1015.06,0.4,293.7077
标准站,2022/11/20 5:00,1,20,49,35,4,27,14.5,97,1014.84,0.51,270.6847
标准站,2022/11/20 4:00,1.1,22,55,36,4,20,14.7,97,1014.72,0.47,262.4704
标准站,2022/11/20 3:00,1.1,25,63,40,4,17,14.9,97,1014.76,0.67,275.4197
标准站,2022/11/20 2:00,1.2,27,61,41,4,16,15.1,96,1014.83,1.12,269.8676
标准站,2022/11/20 1:00,1.1,31,56,35,4,14,15.3,95,1014.68,1.08,265.2457
标准站,2022/11/20 0:00,1.1,31,46,34,4,14,15.4,95,1014.91,0.95,261.3441
标准站,2022/11/19 23:00,1.1,34,48,37,4,13,15.5,96,1015.21,1.21,271.8417
标准站,2022/11/19 22:00,1.1,35,53,43,4,10,15.6,98,1015.1,0.96,267.886
标准站,2022/11/19 21:00,1.3,42,49,43,4,7,15.7,99,1015,1.08,266.6116
标准站,2022/11/19 20:00,1.2,38,48,41,4,7,15.9,99,1015.11,1.49,270.3554
标准站,2022/11/19 19:00,1.3,48,45,40,4,7,16.5,99,1014.96,1.25,262.5052
标准站,2022/11/19 18:00,1.3,65,48,40,4,4,16.7,94,1014.51,1.04,260.8
标准站,2022/11/19 17:00,1.3,62,42,40,4,4,16.8,94,1013.8,1.1,255.3317
标准站,2022/11/19 16:00,1.3,60,43,40,5,5,17.2,92,1013.42,1.15,251.955
标准站,2022/11/19 15:00,1.4,59,43,40,4,7,17.2,91,1013.12,1.05,252.5185
标准站,2022/11/19 14:00,1.3,49,34,33,4,8,17.2,90,1013.15,1.08,280.5877
标准站,2022/11/19 13:00,1.2,54,36,42,5,8,17,92,1013.45,1.18,272.7552
标准站,2022/11/19 12:00,1,60,28,29,5,4,16.9,92,1014.25,1.63,258.9497
标准站,2022/11/19 11:00,1,61,28,24,5,5,17,91,1015.17,1.2,236.8539
标准站,2022/11/19 10:00,0.9,50,33,23,4,10,16.9,91,1016.03,0.42,227.7795
标准站,2022/11/19 9:00,0.9,48,26,21,5,11,16.6,94,1016.4,0.57,230.4657
标准站,2022/11/19 8:00,0.9,37,27,22,4,14,16.4,96,1016.34,0.36,55.6004
标准站,2022/11/19 7:00,0.8,35,27,21,4,15,16.2,98,1016.11,0.58,50.2614
标准站,2022/11/19 6:00,0.8,34,29,22,4,10,16.2,98,1015.62,1.04,53.5173
标准站,2022/11/19 5:00,0.8,32,31,23,4,10,16.2,99,1015.45,0.9,50.1803
标准站,2022/11/19 4:00,0.8,34,33,25,5,13,16.2,99,1015.44,0.49,70.1171
标准站,2022/11/19 3:00,0.8,33,36,23,5,17,16.3,98,1015.6,0.57,123.8869
标准站,2022/11/19 2:00,0.8,29,38,23,4,18,16.3,98,1015.69,1.14,66.361
标准站,2022/11/19 1:00,0.8,31,38,25,5,24,16.4,97,1016.06,1.08,110.8593
标准站,2022/11/19 0:00,0.8,30,25,23,4,23,16.3,98,1016.4,1.1,84.1698
标准站,2022/11/18 23:00,0.8,33,30,22,4,22,16.3,98,1016.81,1.11,85.0733
标准站,2022/11/18 22:00,0.8,32,34,21,4,26,16.4,99,1017.15,0.92,76.1981
标准站,2022/11/18 21:00,0.8,31,35,21,4,30,16.4,99,1017.34,1.21,85.9018
标准站,2022/11/18 20:00,0.9,30,40,21,4,32,16.6,99,1017.45,1.02,73.5177
标准站,2022/11/18 19:00,0.9,32,38,19,4,36,17,98,1017.17,1.8,88.221
标准站,2022/11/18 18:00,0.9,34,41,20,4,34,17.3,96,1017.55,1.46,78.9685
标准站,2022/11/18 17:00,0.8,31,38,17,4,41,17.4,95,1016.86,2.2,84.6358
标准站,2022/11/18 16:00,0.8,25,33,13,4,48,17.7,93,1016.72,2.51,93.4939
标准站,2022/11/18 15:00,0.8,27,38,12,4,42,18.1,92,1016.01,2.64,82.9076
标准站,2022/11/18 14:00,0.8,27,41,14,4,43,18.4,90,1016.49,1.55,70.792
标准站,2022/11/18 13:00,0.8,19,30,12,4,53,18.6,88,1016.3,3,79.0231
标准站,2022/11/18 12:00,0.8,20,21,12,4,52,18.4,89,1016.69,2.79,85.8663
标准站,2022/11/18 11:00,0.8,21,29,15,5,50,17.9,90,1017.72,3.28,87.8678
标准站,2022/11/18 10:00,0.8,22,30,15,5,48,17.3,95,1018.46,3.03,81.7047
标准站,2022/11/18 9:00,0.8,27,28,15,4,41,16.4,90,1018.84,2.02,76.8153
标准站,2022/11/18 8:00,0.9,31,28,14,4,33,15.6,90,1018.82,1.24,73.0515
标准站,2022/11/18 7:00,0.8,27,25,14,4,32,15.1,92,1018.12,0.92,52.2169
标准站,2022/11/18 6:00,0.7,20,24,10,4,38,14.7,95,1017.54,1.74,38.5563
标准站,2022/11/18 5:00,0.7,19,33,11,4,36,14.6,95,1017.7,1.48,30.7875
标准站,2022/11/18 4:00,0.7,22,23,10,4,34,14.7,97,1017.46,0.8,17.6298
标准站,2022/11/18 3:00,0.7,12,21,6,4,52,15.2,95,1017.26,1.25,70.9281
标准站,2022/11/18 2:00,0.6,14,22,5,4,48,15,97,1017.22,1.4,55.0829
标准站,2022/11/18 1:00,0.7,18,27,6,4,41,14.5,91,1017.23,1.35,34.6623
标准站,2022/11/18 0:00,0.7,24,33,11,4,31,14.2,90,1017.13,1.32,28.4619
标准站,2022/11/17 23:00,0.7,28,22,11,4,30,14.2,90,1017.34,1.11,17.0853
标准站,2022/11/17 22:00,0.7,18,14,5,4,44,14.2,90,1017.41,1.55,34.9233
标准站,2022/11/17 21:00,0.7,18,19,5,4,45,14.1,92,1017.45,1.75,41.9909
标准站,2022/11/17 20:00,0.7,20,15,6,4,46,14.1,90,1017.46,1.21,51.3885
标准站,2022/11/17 19:00,0.7,17,13,5,4,53,13.9,90,1017.16,2.05,66.4048
标准站,2022/11/17 18:00,0.7,18,22,6,4,52,13.4,92,1016.67,2.84,58.4709
标准站,2022/11/17 17:00,0.8,24,18,8,4,45,13.2,94,1016.17,2.08,35.1818
标准站,2022/11/17 16:00,0.8,23,12,5,4,49,13.1,95,1015.94,1.96,46.0126
标准站,2022/11/17 15:00,0.8,22,13,4,4,50,13.1,95,1015.53,2.28,53.6969
标准站,2022/11/17 14:00,0.7,18,7,2,4,53,13.3,93,1015.04,2.37,55.246
标准站,2022/11/17 13:00,0.7,17,9,2,4,57,13.5,92,1014.81,3.03,80.3785
标准站,2022/11/17 12:00,0.7,19,9,2,4,54,13.5,92,1015.05,2.63,78.6392
标准站,2022/11/17 11:00,0.7,19,10,3,4,55,13.4,92,1015.6,2.74,76.4615
标准站,2022/11/17 10:00,0.7,22,6,3,4,53,13.6,91,1015.85,2.68,73.7837
标准站,2022/11/17 9:00,0.7,21,5,2,4,52,13.6,91,1015.94,2.73,80.159
标准站,2022/11/17 8:00,0.7,19,0,3,4,49,13.6,91,1015.38,2.75,86.6229
标准站,2022/11/17 7:00,0.7,16,-10,3,4,49,13.5,92,1014.79,2.46,91.2201
标准站,2022/11/17 6:00,0.7,16,-13,5,4,46,13.5,91,1014.06,2.89,94.5268
标准站,2022/11/17 5:00,0.7,15,-8,10,4,44,13.6,90,1013.65,2.11,91.7402
标准站,2022/11/17 4:00,0.7,21,14,17,4,38,13.3,90,1013.57,1.82,73.5152
标准站,2022/11/17 3:00,0.8,29,34,27,4,30,13.2,90,1013.51,1.77,99.1812
标准站,2022/11/17 2:00,0.8,42,55,35,4,21,13.2,90,1013.88,2.25,107.27
标准站,2022/11/17 1:00,0.8,56,70,50,5,12,13,90,1014.74,1.91,105.8692
标准站,2022/11/17 0:00,0.8,60,62,55,5,12,12.9,90,1015.43,1.78,96.96
标准站,2022/11/16 23:00,0.8,51,71,58,5,21,12.8,91,1015.62,1.95,95.6069
标准站,2022/11/16 22:00,0.8,48,72,62,4,26,12.6,98,1015.68,1.27,97.7625
标准站,2022/11/16 21:00,0.9,55,70,67,4,29,12.6,96,1015.89,1.43,135.3265
标准站,2022/11/16 20:00,0.9,46,93,66,5,44,13,92,1015.91,1.54,153.8278
标准站,2022/11/16 19:00,1,62,136,83,6,38,13.7,85,1015.34,2.27,156.2643
标准站,2022/11/16 18:00,1.3,68,128,84,9,46,15.3,66,1015.4,1.29,113.4433
标准站,2022/11/16 17:00,1.3,66,131,80,12,54,15.7,58,1015.09,1.34,100.2123
标准站,2022/11/16 16:00,1.2,67,126,82,10,56,16,51,1014.14,2.02,93.875
标准站,2022/11/16 15:00,1,81,121,82,11,49,16.2,45,1013.94,2.53,97.9692
标准站,2022/11/16 14:00,1.1,62,120,79,10,62,16.1,45,1014.16,2.52,100.6766
标准站,2022/11/16 13:00,1,54,116,79,10,68,15.9,45,1014.75,2.32,118.4901
标准站,2022/11/16 12:00,1.3,62,114,87,13,64,15.7,46,1015.52,2.24,150.5902
标准站,2022/11/16 11:00,1.4,48,97,82,15,64,15.5,45,1016.58,2.62,142.3317
标准站,2022/11/16 10:00,1.7,67,117,96,19,41,14.7,55,1017.96,2.26,157.3434
标准站,2022/11/16 9:00,1.9,86,138,109,15,17,13,78,1018.8,1.55,106.8279
标准站,2022/11/16 8:00,1.6,72,136,99,9,7,11,91,1019.03,0.91,105.5406
标准站,2022/11/16 7:00,1.6,54,137,91,8,4,8.4,98,1019.02,0.28,71.7301
标准站,2022/11/16 6:00,1.4,53,97,80,8,3,7.6,97,1018.62,0.9,47.7042
标准站,2022/11/16 5:00,1.3,56,98,71,6,6,8.1,94,1018.49,0.66,51.1507
标准站,2022/11/16 4:00,1.3,59,105,72,6,3,8.6,93,1018.15,0.4,37.2072
标准站,2022/11/16 3:00,1.3,56,105,69,7,3,8.6,92,1018.3,0.37,206.1446
标准站,2022/11/16 2:00,1.3,57,108,61,7,4,8.6,91,1018.27,0.22,151.0049
标准站,2022/11/16 1:00,1.4,64,104,55,6,5,8.6,89,1018.3,0.25,107.4634
标准站,2022/11/16 0:00,1.4,74,92,53,6,5,9.1,86,1018.3,0.18,50.6499
标准站,2022/11/15 23:00,1.3,81,82,51,7,2,9.9,80,1018.18,0.28,25.8727
标准站,2022/11/15 22:00,1.3,93,94,52,8,2,10.9,76,1018.3,0.42,268.9709
标准站,2022/11/15 21:00,1.2,96,92,54,7,1,10.9,79,1018.23,0.6,252.2209
标准站,2022/11/15 20:00,1.1,97,87,51,6,1,11.3,76,1017.97,0.53,260.0469
标准站,2022/11/15 19:00,1.1,95,97,55,6,0,11.4,78,1017.66,0.62,246.8066
标准站,2022/11/15 18:00,1.2,96,108,65,6,1,11.9,76,1017.3,0.57,248.1292
标准站,2022/11/15 17:00,1.2,95,91,59,6,3,12.8,71,1016.74,0.73,242.5035
标准站,2022/11/15 16:00,1.1,77,100,57,7,22,14.1,64,1016,1.58,220.3155
标准站,2022/11/15 15:00,1.2,70,84,62,8,43,15.9,45,1015.66,0.41,280.3584
标准站,2022/11/15 14:00,1.1,53,76,56,8,50,16.1,42,1015.34,0.71,278.4799
标准站,2022/11/15 13:00,0.9,49,78,52,7,351,16,41,1015.58,0.91,265.4487
标准站,2022/11/15 12:00,1.1,56,77,58,7,50,14.7,52,1016.39,0.75,278.7824
标准站,2022/11/15 11:00,0.9,52,71,60,8,47,14,59,1017.38,0.68,267.0306
标准站,2022/11/15 10:00,1,45,75,61,10,37,13,67,1018.05,0.5,300.5104
标准站,2022/11/15 9:00,1.2,45,82,64,10,29,11.6,76,1018.7,0.52,302.887
标准站,2022/11/15 8:00,1.3,48,85,68,9,18,10.5,85,1018.68,0.89,11.3351
标准站,2022/11/15 7:00,1.2,47,92,60,7,6,9.6,91,1018.32,0.15,238.7423
标准站,2022/11/15 6:00,1.1,45,84,55,6,2,8.6,93,1017.47,0.41,223.4488
标准站,2022/11/15 5:00,1,49,77,50,6,1,9.1,91,1017.21,0.34,200.8432
标准站,2022/11/15 4:00,1,52,70,48,6,1,9.6,87,1017.23,0.24,191.8365
标准站,2022/11/15 3:00,0.9,53,67,48,6,1,10,85,1017.18,0.45,228.8392
标准站,2022/11/15 2:00,0.9,47,62,51,5,6,10.1,85,1017.43,0.44,246.4578
标准站,2022/11/15 1:00,1,54,63,46,5,3,10.1,88,1017.58,0.32,353.9014
标准站,2022/11/15 0:00,1.1,61,59,43,6,1,10.1,91,1017.67,0.2,246.3081
标准站,2022/11/14 23:00,1.1,63,58,45,5,1,10,91,1017.79,0.38,248.5959
标准站,2022/11/14 22:00,1.1,66,44,42,5,1,10.1,92,1018.09,0.36,220.6911
标准站,2022/11/14 21:00,1.1,66,44,30,5,1,9.8,95,1018.38,0.51,212.6784
标准站,2022/11/14 20:00,1,69,45,29,5,1,9.6,96,1018.38,0.65,219.7115
标准站,2022/11/14 19:00,0.9,67,44,27,5,1,9.4,95,1018.17,1.02,202.2247
标准站,2022/11/14 18:00,0.8,69,42,25,4,2,9.1,95,1018.34,0.96,205.2919
标准站,2022/11/14 17:00,0.8,61,30,21,4,15,9.3,90,1018.29,1.05,210.5953
标准站,2022/11/14 16:00,0.7,44,31,12,4,39,9.4,86,1018.17,0.55,230.7004
标准站,2022/11/14 15:00,0.8,54,53,28,5,20,9.3,88,1017.77,0.8,8.1952
标准站,2022/11/14 14:00,0.9,52,56,31,7,18,10.9,74,1018.05,0.56,8.5594
标准站,2022/11/14 13:00,0.8,42,58,26,7,27,11.4,70,1018.41,0.29,357.066
标准站,2022/11/14 12:00,1,40,65,28,7,26,11.5,72,1018.82,0.5,3.0535
标准站,2022/11/14 11:00,1.1,38,51,36,7,23,11.7,74,1019.72,0.45,293.1154
标准站,2022/11/14 10:00,1.1,38,51,33,7,24,11.5,76,1020.42,0.49,4.2165
标准站,2022/11/14 9:00,1.1,37,47,28,8,24,11,78,1020.66,0.76,19.4741
标准站,2022/11/14 8:00,0.9,31,40,25,7,29,10.6,79,1020.88,1.07,17.3359
标准站,2022/11/14 7:00,0.9,32,40,24,7,23,10.3,81,1020.95,0.58,13.841
标准站,2022/11/14 6:00,0.8,26,33,21,6,35,10.1,80,1020.58,0.69,11.332
标准站,2022/11/14 5:00,0.8,23,35,19,6,43,10.1,79,1020.65,0.99,6.3705
标准站,2022/11/14 4:00,0.8,25,33,19,6,38,10.3,82,1020.84,0.92,8.7995
标准站,2022/11/14 3:00,0.8,25,40,19,6,35,10.3,84,1020.94,1.19,14.609
标准站,2022/11/14 2:00,0.7,30,42,20,5,27,10.3,85,1021.18,1.51,13.122
标准站,2022/11/14 1:00,0.9,29,49,27,6,28,10.7,84,1021.4,1.58,13.6135
标准站,2022/11/14 0:00,0.7,28,53,22,5,30,11.1,82,1021.43,0.81,12.8155
标准站,2022/11/13 23:00,0.7,30,40,21,5,30,11.2,82,1021.32,0.74,20.1222
标准站,2022/11/13 22:00,0.6,31,44,19,5,31,11.4,80,1021.2,1.56,16.6104
标准站,2022/11/13 21:00,0.7,29,42,17,5,37,12.1,74,1021.31,0.83,14.1497
标准站,2022/11/13 20:00,0.6,29,41,15,5,41,12.1,74,1021.18,1.28,19.8412
标准站,2022/11/13 19:00,0.6,29,40,14,5,45,12.3,73,1021.25,1.23,14.763
标准站,2022/11/13 18:00,0.7,31,46,16,5,41,12.6,74,1021.05,0.83,355.8397
标准站,2022/11/13 17:00,0.6,32,51,16,4,39,12.6,75,1020.53,1.5,19.6358
标准站,2022/11/13 16:00,0.6,32,46,17,4,38,12.6,76,1020.21,1.54,24.2987
标准站,2022/11/13 15:00,0.6,27,46,19,4,41,12.7,78,1019.88,2.2,26.0628
标准站,2022/11/13 14:00,0.6,31,49,17,4,38,12.9,78,1019.71,1.91,10.089
标准站,2022/11/13 13:00,0.7,32,54,20,5,35,13,79,1019.62,1.79,11.7354
标准站,2022/11/13 12:00,0.7,29,48,19,5,37,12.9,80,1019.83,1.66,10.3136
标准站,2022/11/13 11:00,0.7,30,45,17,5,33,12.9,81,1020.36,1.42,9.8243
标准站,2022/11/13 10:00,0.7,27,34,17,4,35,12.7,83,1020.79,1.99,9.2145
标准站,2022/11/13 9:00,0.7,26,32,12,4,36,12.5,84,1020.89,1.87,17.0601
标准站,2022/11/13 8:00,0.7,26,26,11,4,32,12.5,87,1020.52,1.73,10.7769
标准站,2022/11/13 7:00,0.7,20,25,10,4,36,12.3,90,1020.06,2.18,11.2727
标准站,2022/11/13 6:00,0.7,19,18,8,4,36,12.4,95,1019.6,2.18,11.808
标准站,2022/11/13 5:00,0.7,19,14,7,4,33,12.5,98,1018.83,2.43,5.3339
标准站,2022/11/13 4:00,0.8,20,12,6,4,30,12.8,99,1017.95,2.02,3.3708
标准站,2022/11/13 3:00,0.8,19,9,5,4,28,13.4,99,1017.3,2.34,6.0032
标准站,2022/11/13 2:00,0.8,21,21,6,4,22,13.9,99,1016.65,2.59,7.0319
标准站,2022/11/13 1:00,1.3,26,30,21,4,15,15.4,97,1016.34,1.26,311.3865
标准站,2022/11/13 0:00,1.3,32,38,29,4,10,16.7,92,1015.96,1.75,269.4619
标准站,2022/11/12 23:00,1.3,37,49,30,4,5,17.8,88,1015.43,1.54,266.476
标准站,2022/11/12 22:00,1.4,41,49,44,4,2,18.4,89,1014.84,1.45,265.9873
标准站,2022/11/12 21:00,1.2,41,42,28,4,2,19.4,91,1014.08,1.48,273.5954
标准站,2022/11/12 20:00,1.1,42,52,28,5,9,21.3,86,1012.97,1.08,273.5193
标准站,2022/11/12 19:00,1.1,34,62,37,6,46,22.9,80,1011.61,0.88,274.7016
标准站,2022/11/12 18:00,1.2,40,85,40,7,58,23.9,76,1010.84,0.62,328.1049
标准站,2022/11/12 17:00,1.1,69,92,42,6,74,25.9,67,1009.58,0.57,352.5593
标准站,2022/11/12 16:00,1.2,55,67,38,7,112,27,62,1008.76,0.66,235.2953
标准站,2022/11/12 15:00,0.9,39,57,25,6,118,27.8,57,1008.32,1.31,255.9203
标准站,2022/11/12 14:00,0.8,29,42,19,5,115,28.2,56,1008.11,1.49,253.5319
标准站,2022/11/12 13:00,0.8,27,35,15,6,93,27.9,58,1008.13,2.33,245.9427
标准站,2022/11/12 12:00,0.8,20,24,9,6,86,27.4,59,1008.6,3.69,209.0013
标准站,2022/11/12 11:00,0.8,24,26,10,6,71,26.5,66,1009.91,2.81,211.667
标准站,2022/11/12 10:00,0.8,26,24,11,5,51,24.7,76,1010.97,3.07,207.6304
标准站,2022/11/12 9:00,0.8,24,26,15,4,37,22.9,86,1011.4,3.55,197.0068
标准站,2022/11/12 8:00,0.8,24,24,16,4,30,21.2,93,1011.64,2.56,187.133
标准站,2022/11/12 7:00,0.8,27,23,15,4,23,20,92,1011.47,1.98,195.2825
标准站,2022/11/12 6:00,0.8,24,21,14,4,24,19.5,99,1011.55,2.27,188.3561
标准站,2022/11/12 5:00,0.7,22,19,11,4,26,19.7,99,1011.41,2.41,177.4142
标准站,2022/11/12 4:00,0.7,21,24,10,4,27,19.5,99,1011.7,2.08,176.3555
标准站,2022/11/12 3:00,0.7,20,23,10,4,29,19.5,99,1012.21,2.33,170.8402
标准站,2022/11/12 2:00,0.8,21,24,9,4,29,19.6,99,1012.91,1.81,171.7135
标准站,2022/11/12 1:00,0.7,23,26,10,4,27,19.6,99,1013.36,1.73,165.6515
标准站,2022/11/12 0:00,0.7,26,27,11,4,26,19.7,98,1013.88,2.49,165.6775
标准站,2022/11/11 23:00,0.7,25,23,10,4,32,20.2,96,1014.17,2.45,152.9906
标准站,2022/11/11 22:00,0.7,28,27,11,4,28,20.4,97,1014.31,2.43,159.5926
标准站,2022/11/11 21:00,0.9,55,34,14,5,2,20.1,98,1014.71,2.65,144.855
标准站,2022/11/11 20:00,1.1,57,35,14,5,0,19.9,98,1014.74,1.77,116.5439
标准站,2022/11/11 19:00,1,58,32,13,5,0,20.3,96,1014.71,1.76,105.0239
标准站,2022/11/11 18:00,1.1,61,35,14,4,2,21,94,1014.53,2.25,117.3318
标准站,2022/11/11 17:00,0.9,58,35,13,5,6,21.7,90,1014.45,2.26,104.3551
标准站,2022/11/11 16:00,1,50,27,10,4,18,22.8,84,1014.49,2.87,130.1827
标准站,2022/11/11 15:00,0.8,36,22,7,4,34,23.4,80,1014.44,3.41,138.0993
标准站,2022/11/11 14:00,0.8,34,24,8,4,35,23.3,81,1014.48,3.29,141.963
标准站,2022/11/11 13:00,0.8,32,30,8,4,36,23.2,82,1014.98,3.45,145.507
标准站,2022/11/11 12:00,1,39,50,15,5,26,22.2,90,1015.88,2.79,133.8587
标准站,2022/11/11 11:00,1.1,36,49,25,5,24,21.5,94,1016.88,2.71,106.4027
标准站,2022/11/11 10:00,1,34,46,25,5,23,20.9,92,1017.52,2.14,125.4831
标准站,2022/11/11 9:00,1,31,46,26,5,24,19.9,90,1017.71,2.9,125.7209
标准站,2022/11/11 8:00,1,32,47,28,5,23,19.3,96,1017.63,2.97,107.7564
标准站,2022/11/11 7:00,0.9,25,38,27,4,30,18.9,97,1017.24,2.77,99.6934
标准站,2022/11/11 6:00,0.8,23,36,28,4,31,18.9,97,1016.84,2.27,88.1817
标准站,2022/11/11 5:00,0.8,24,36,33,5,30,19,98,1016.57,1.62,87.8299
标准站,2022/11/11 4:00,0.8,23,32,32,5,34,19,98,1016.39,1.53,78.6493
标准站,2022/11/11 3:00,0.9,22,38,31,4,36,18.9,97,1016.23,1.11,68.9673
标准站,2022/11/11 2:00,0.9,23,44,32,4,38,18.9,97,1016.37,1.32,48.922
标准站,2022/11/11 1:00,0.9,28,44,35,5,36,18.9,97,1016.8,1.46,83.6889
标准站,2022/11/11 0:00,0.9,26,38,35,5,43,18.7,98,1016.94,2.13,116.5589
标准站,2022/11/10 23:00,0.9,30,39,39,6,40,18.3,98,1017.1,1.91,113.7816
标准站,2022/11/10 22:00,0.9,26,41,34,5,48,18.2,97,1017.2,0.87,90.6132
标准站,2022/11/10 21:00,1,26,40,36,5,55,18.6,95,1017.19,1.49,78.6061
标准站,2022/11/10 20:00,0.9,31,43,36,5,49,19,94,1017.1,2.29,106.4257
标准站,2022/11/10 19:00,0.8,27,51,33,5,57,19.8,91,1016.65,2.83,96.7047
标准站,2022/11/10 18:00,1.1,47,83,52,6,53,20.5,87,1016.12,1.86,65.1387
标准站,2022/11/10 17:00,1.3,62,82,44,7,54,21.8,80,1015.56,1.36,55.6615
标准站,2022/11/10 16:00,1.2,52,70,40,8,82,23.4,74,1015.09,1.25,67.1495
标准站,2022/11/10 15:00,1,34,64,28,5,114,24.1,68,1014.85,1.82,100.5445
标准站,2022/11/10 14:00,1,42,76,20,5,103,24.1,70,1014.81,1.66,102.7055
标准站,2022/11/10 13:00,1,46,72,21,5,93,23.7,73,1014.93,1.61,108.2272
标准站,2022/11/10 12:00,1,43,64,19,5,78,22.4,84,1015.55,1.23,93.3532
标准站,2022/11/10 11:00,1,39,60,20,5,60,20,91,1016.49,1.37,90.8852
标准站,2022/11/10 10:00,1,39,60,16,5,48,18.1,93,1017.19,0.94,79.1096
标准站,2022/11/10 9:00,1.1,39,52,25,4,33,17.3,97,1017.34,0.72,134.2948
标准站,2022/11/10 8:00,1.2,43,36,47,4,16,17,97,1017.29,0.81,102.5815
标准站,2022/11/10 7:00,0.9,40,31,25,4,9,16.9,97,1016.99,0.51,136.6662
标准站,2022/11/10 6:00,0.9,47,34,22,4,11,16.9,97,1016.48,0.71,176.1904
标准站,2022/11/10 5:00,0.9,54,45,25,5,-1,16.8,98,1016.06,0.73,192.0147
标准站,2022/11/10 4:00,1,61,58,29,7,-2,16.3,98,1015.71,0.75,178.9298
标准站,2022/11/10 3:00,1,66,63,26,7,-1,16.2,99,1015.67,0.43,103.2465
标准站,2022/11/10 2:00,1,72,67,25,6,-2,16.4,99,1015.94,0.51,108.7776
标准站,2022/11/10 1:00,1,75,73,25,6,-2,16.5,99,1016.28,0.84,105.1488
标准站,2022/11/10 0:00,1,80,65,25,6,-2,16.6,99,1016.64,0.72,82.8784
标准站,2022/11/9 23:00,1,82,65,25,6,-2,17,97,1016.86,0.66,76.9478
标准站,2022/11/9 22:00,1,88,73,30,6,-1,17.6,95,1016.95,0.5,133.5503
标准站,2022/11/9 21:00,1,92,66,28,6,1,18.1,93,1016.91,1.03,179.2782
标准站,2022/11/9 20:00,1,81,68,25,6,16,18.8,89,1016.74,0.44,104.4587
标准站,2022/11/9 19:00,1,88,77,23,6,19,19.5,86,1016.46,1.17,168.7816
标准站,2022/11/9 18:00,1.1,75,65,20,6,38,20,83,1016.22,1.13,159.5042
标准站,2022/11/9 17:00,1.1,59,55,15,5,60,20.7,80,1015.68,1.44,151.0923
标准站,2022/11/9 16:00,0.8,39,41,11,5,81,21.5,75,1015.5,1.77,163.5092
标准站,2022/11/9 15:00,0.8,30,40,10,5,90,21.5,76,1015.51,1.84,135.6249
标准站,2022/11/9 14:00,0.8,27,40,12,5,88,21.1,79,1015.49,1.77,158.4959
标准站,2022/11/9 13:00,0.8,26,44,12,5,86,21.1,77,1015.74,3.15,165.5063
标准站,2022/11/9 12:00,0.7,23,41,11,5,87,20.8,76,1016.95,2.98,175.6414
标准站,2022/11/9 11:00,0.8,26,31,12,6,82,20.7,77,1017.75,3.29,174.2682
标准站,2022/11/9 10:00,0.8,42,32,19,6,57,19.6,85,1018.62,3.15,171.1857
标准站,2022/11/9 9:00,0.8,55,34,25,6,36,18.3,89,1018.98,3.01,159.4207
标准站,2022/11/9 8:00,0.9,64,35,24,7,19,16.8,93,1018.9,1.73,134.2705
标准站,2022/11/9 7:00,1,75,27,20,7,4,15,97,1018.56,1.21,111.6215
标准站,2022/11/9 6:00,0.8,77,27,19,7,-1,14.1,98,1018.03,1,100.566
标准站,2022/11/9 5:00,0.8,74,32,22,6,-1,13.9,98,1017.98,0.85,127.5806
标准站,2022/11/9 4:00,0.8,71,34,26,6,0,13.8,98,1017.94,0.49,105.3311
标准站,2022/11/9 3:00,0.8,75,40,27,6,-2,14,97,1018.03,0.72,109.0286
标准站,2022/11/9 2:00,0.8,80,46,26,6,-2,14.2,95,1018.24,0.78,130.7602
标准站,2022/11/9 1:00,0.8,83,45,24,5,-2,14.4,94,1018.42,1.16,132.2084
标准站,2022/11/9 0:00,0.8,83,45,23,5,0,14.7,92,1018.57,1.49,108.4061
标准站,2022/11/8 23:00,0.8,85,31,21,5,-1,14.9,92,1018.69,1.41,89.2123
标准站,2022/11/8 22:00,0.8,66,38,22,5,14,15.2,90,1018.94,1.11,94.8994
标准站,2022/11/8 21:00,0.9,68,42,20,6,16,15.7,88,1018.89,1.59,92.5568
标准站,2022/11/8 20:00,1,63,35,20,7,26,16.5,85,1018.62,2.1,95.6494
标准站,2022/11/8 19:00,1.1,56,43,18,7,37,17.3,80,1018.44,2.28,105.28
标准站,2022/11/8 18:00,1,56,39,17,8,43,18.2,76,1018.02,2.62,112.4243
标准站,2022/11/8 17:00,0.9,50,45,13,7,56,19.4,68,1017.31,2.51,100.2463
标准站,2022/11/8 16:00,0.8,46,49,14,7,68,21,57,1016.74,2.82,103.4277
标准站,2022/11/8 15:00,0.7,44,43,14,6,84,22.2,42,1016.6,2.75,133.0339
标准站,2022/11/8 14:00,0.7,46,49,18,7,93,22.2,45,1016.7,2.61,145.6861
标准站,2022/11/8 13:00,0.7,42,41,20,7,97,21.7,47,1017.08,2.52,134.448
标准站,2022/11/8 12:00,0.7,41,42,19,8,94,21.3,48,1017.97,2.52,155.8854
标准站,2022/11/8 11:00,0.9,33,37,16,9,99,20.5,53,1019.3,2.5,112.9639
标准站,2022/11/8 10:00,0.9,35,28,22,11,74,19.3,70,1020.24,1.94,123.2633
标准站,2022/11/8 9:00,0.9,56,50,29,10,31,17.6,84,1020.8,1.8,107.8028
标准站,2022/11/8 8:00,1.1,58,56,39,12,14,15.5,96,1020.65,1.63,93.4379
标准站,2022/11/8 7:00,1,56,57,41,7,3,13.4,98,1020.18,0.46,29.6845
标准站,2022/11/8 6:00,1,49,59,42,7,1,13,99,1019.45,0.53,56.5822
标准站,2022/11/8 5:00,0.9,51,53,36,6,0,13.2,99,1019,0.36,101.728
标准站,2022/11/8 4:00,0.9,55,53,42,7,16,13.5,98,1018.73,0.31,63.0822
标准站,2022/11/8 3:00,0.8,55,56,36,5,2,13.6,97,1018.38,0.35,51.5928
标准站,2022/11/8 2:00,0.9,58,65,36,5,2,14.1,95,1018.21,0.33,92.2967
标准站,2022/11/8 1:00,0.9,65,60,34,5,5,14.5,91,1018.2,0.41,143.0254
标准站,2022/11/8 0:00,0.8,65,58,30,5,13,15.3,89,1018.26,0.57,201.659
标准站,2022/11/7 23:00,0.9,87,69,33,6,3,15.4,86,1018.14,0.68,179.0376
标准站,2022/11/7 22:00,1,101,102,42,6,-1,15.6,83,1018.1,0.62,190.3761
标准站,2022/11/7 21:00,1.1,106,119,50,7,-1,16.2,78,1017.73,0.48,181.8786
标准站,2022/11/7 20:00,1.2,113,117,51,8,0,17.2,71,1017.24,0.7,141.8184
标准站,2022/11/7 19:00,1.5,109,116,48,7,8,18.3,66,1016.87,0.68,134.1168
标准站,2022/11/7 18:00,1.5,100,109,53,7,27,19.2,61,1016.43,0.95,143.1222
标准站,2022/11/7 17:00,1,99,84,37,7,38,20.2,53,1015.91,0.95,183.1174
标准站,2022/11/7 16:00,0.9,68,62,31,6,83,21.7,49,1015.47,1.25,225.1257
标准站,2022/11/7 15:00,0.7,29,57,27,6,130,22.6,43,1015.02,1.05,233.9459
标准站,2022/11/7 14:00,0.7,29,63,29,7,130,22.7,44,1014.9,0.99,198.1949
标准站,2022/11/7 13:00,0.7,31,52,30,7,122,22.7,45,1015.15,0.85,246.478
标准站,2022/11/7 12:00,0.7,28,25,27,7,111,21.9,47,1016.11,0.81,241.2833
标准站,2022/11/7 11:00,0.7,30,38,22,7,90,20.9,52,1017.22,1.75,231.9555
标准站,2022/11/7 10:00,0.9,47,50,30,10,60,19.4,62,1018.04,1.55,230.139
标准站,2022/11/7 9:00,0.8,49,46,27,8,39,17.5,73,1018.5,1.64,213.3126
标准站,2022/11/7 8:00,0.8,43,47,25,7,33,15.5,84,1018.5,2.53,212.6104
标准站,2022/11/7 7:00,0.8,55,49,30,7,8,13.1,94,1018.07,1.72,205.9881
标准站,2022/11/7 6:00,0.8,55,47,28,5,4,12.1,96,1017.32,0.97,222.1567
标准站,2022/11/7 5:00,0.7,60,50,26,5,-1,11.9,94,1016.92,0.84,201.3985
标准站,2022/11/7 4:00,0.8,55,48,20,6,5,12,92,1016.73,1.03,148.6744
标准站,2022/11/7 3:00,0.7,47,40,17,6,17,12.5,89,1016.89,0.92,138.0849
标准站,2022/11/7 2:00,0.7,43,36,16,5,26,12.9,87,1017.02,0.91,159.3424
标准站,2022/11/7 1:00,0.7,37,33,14,5,37,13.1,84,1017.26,1.21,168.3436
标准站,2022/11/7 0:00,0.7,43,31,14,5,34,13.2,82,1017.18,1.66,150.4084
标准站,2022/11/6 23:00,0.7,41,37,15,5,41,13.6,79,1017.62,1.9,141.6776
标准站,2022/11/6 22:00,0.7,43,34,18,5,45,13.8,77,1017.86,1.76,145.203
标准站,2022/11/6 21:00,0.7,40,40,19,5,53,13.9,77,1017.66,1.5,156.292
标准站,2022/11/6 20:00,0.7,38,43,17,5,61,14.3,73,1017.4,2.09,172.2331
标准站,2022/11/6 19:00,0.7,37,39,17,6,69,15.1,70,1017.07,1.81,175.0419
标准站,2022/11/6 18:00,0.7,36,48,15,5,83,15.9,65,1016.83,2.03,182.0035
标准站,2022/11/6 17:00,0.7,34,56,22,5,100,16.8,58,1016.24,2.3,186.795
标准站,2022/11/6 16:00,0.7,30,48,22,5,108,18,51,1016.23,2.43,167.0877
标准站,2022/11/6 15:00,0.7,24,44,20,6,104,18.7,45,1016.37,2.66,183.209
标准站,2022/11/6 14:00,0.7,21,46,20,6,108,18.9,44,1016.81,2.56,184.3056
标准站,2022/11/6 13:00,0.7,24,50,25,6,98,18.5,47,1017.18,2.52,163.1792
标准站,2022/11/6 12:00,0.7,26,39,29,7,91,18,50,1018.28,2.67,180.0376
标准站,2022/11/6 11:00,0.7,22,33,24,7,92,17.4,50,1019.66,2.7,160.1209
标准站,2022/11/6 10:00,0.9,24,29,22,9,84,16.4,54,1020.74,2.76,115.4123
标准站,2022/11/6 9:00,0.8,28,35,17,10,70,15.2,60,1021.74,2.75,107.8006
标准站,2022/11/6 8:00,1,52,61,25,10,35,13.5,73,1022.13,1.71,120.7414
标准站,2022/11/6 7:00,0.9,67,54,33,8,8,11.4,84,1021.76,1.26,117.2692
标准站,2022/11/6 6:00,0.8,59,48,30,6,3,10.4,91,1021.06,0.68,108.1731
标准站,2022/11/6 5:00,0.8,59,47,29,6,4,10.6,88,1020.91,0.58,72.5505
标准站,2022/11/6 4:00,0.8,60,52,28,8,6,10.9,85,1020.67,0.67,116.6509
标准站,2022/11/6 3:00,0.9,57,57,32,11,9,11.1,82,1020.73,0.63,97.5459
标准站,2022/11/6 2:00,0.9,55,63,34,10,13,11.2,80,1021.11,0.64,133.0423
标准站,2022/11/6 1:00,0.9,65,72,36,10,9,11.4,79,1021.24,0.51,117.1525
标准站,2022/11/6 0:00,0.9,67,54,33,7,12,11.6,77,1021.48,1.37,141.9889
标准站,2022/11/5 23:00,0.9,70,73,36,6,10,11.7,77,1021.82,0.96,135.6621
标准站,2022/11/5 22:00,1,82,76,42,6,2,12.2,76,1022.12,0.9,135.5736
标准站,2022/11/5 21:00,1,69,96,51,6,13,12.8,73,1022.19,1.2,115.0618
标准站,2022/11/5 20:00,1,65,94,55,6,24,13.2,67,1022.04,0.74,91.417
标准站,2022/11/5 19:00,0.9,59,93,49,6,34,13.7,63,1021.98,0.89,60.0983
标准站,2022/11/5 18:00,0.9,49,91,44,7,51,14.3,58,1021.86,0.96,69.3039
标准站,2022/11/5 17:00,0.8,38,62,34,8,68,15,54,1021.43,0.99,33.3409
标准站,2022/11/5 16:00,0.7,23,50,30,8,95,16,48,1021.27,1.18,38.1099
标准站,2022/11/5 15:00,0.7,17,42,25,6,106,16.7,44,1021.06,1.49,56.1904
标准站,2022/11/5 14:00,0.6,13,37,22,6,110,17,43,1021.08,1.44,81.7245
标准站,2022/11/5 13:00,0.6,12,31,21,6,106,16.9,43,1021.53,1.22,83.9545
标准站,2022/11/5 12:00,0.7,13,26,20,6,97,16.8,46,1022.42,1.28,96.2054
标准站,2022/11/5 11:00,0.7,13,25,19,7,90,15.6,49,1023.48,1.41,83.8794
标准站,2022/11/5 10:00,0.8,11,29,16,8,84,15.2,51,1024.09,1.46,57.9886
标准站,2022/11/5 9:00,1.1,21,46,23,13,69,14.3,57,1024.84,1.77,35.8801
标准站,2022/11/5 8:00,1.7,33,55,31,19,50,13.3,61,1025.07,1.5,24.1892
标准站,2022/11/5 7:00,0.9,42,49,34,8,31,11.8,68,1024.88,0.78,17.9139
标准站,2022/11/5 6:00,0.8,44,54,36,6,25,11,73,1024.18,0.55,8.1715
标准站,2022/11/5 5:00,0.8,39,54,34,6,29,11,73,1023.59,0.59,14.5159
标准站,2022/11/5 4:00,0.8,40,51,33,7,31,11.5,71,1023.4,0.67,11.809
标准站,2022/11/5 3:00,0.7,35,53,27,6,37,11.4,72,1023.15,0.66,16.8433
标准站,2022/11/5 2:00,0.8,47,51,26,6,26,11.5,71,1023.15,0.41,18.1013
标准站,2022/11/5 1:00,0.7,43,48,23,5,28,11.3,72,1023.49,0.45,19.1137
标准站,2022/11/5 0:00,0.7,37,35,20,5,35,11,72,1023.63,0.78,19.5987
标准站,2022/11/4 23:00,0.8,38,41,21,6,35,11.1,72,1023.71,1.02,18.115
标准站,2022/11/4 22:00,0.7,29,44,17,5,43,10.9,73,1023.91,0.99,21.654
标准站,2022/11/4 21:00,0.7,29,39,17,5,43,11,72,1024.11,0.94,21.9587
标准站,2022/11/4 20:00,0.7,28,45,15,5,44,11.3,71,1023.55,1.28,37.2155
标准站,2022/11/4 19:00,0.8,27,38,13,5,49,12,67,1023.38,1.95,46.6355
标准站,2022/11/4 18:00,0.7,22,37,10,5,55,12.8,64,1023.12,2.1,51.312
标准站,2022/11/4 17:00,0.6,18,38,8,5,64,13.9,59,1022.29,2.44,40.4435
标准站,2022/11/4 16:00,0.7,18,46,10,6,72,15.5,54,1021.6,2.43,44.158
标准站,2022/11/4 15:00,0.7,16,45,27,6,83,16.3,51,1021.42,3.05,43.2327
标准站,2022/11/4 14:00,0.7,13,34,9,5,86,16.6,52,1021.27,2.7,50.1225
标准站,2022/11/4 13:00,0.7,13,34,9,5,88,16.6,52,1021.25,2.62,48.9476
标准站,2022/11/4 12:00,0.7,12,32,9,5,83,16.7,54,1021.8,2.87,51.5736
标准站,2022/11/4 11:00,0.7,11,26,9,5,78,16.4,57,1022.5,2.95,44.7598
标准站,2022/11/4 10:00,0.6,13,24,9,5,66,15.3,64,1023.4,3.05,43.1297
标准站,2022/11/4 9:00,0.6,15,25,8,5,54,14.3,73,1023.86,3.13,35.7011
标准站,2022/11/4 8:00,0.7,16,34,8,5,48,14.1,80,1023.52,3.09,37.2143
标准站,2022/11/4 7:00,0.8,20,35,12,5,49,13.9,88,1022.78,3.23,28.0233
标准站,2022/11/4 6:00,0.8,20,33,18,4,48,13.5,96,1021.73,1.92,15.3801
标准站,2022/11/4 5:00,1,18,41,22,5,46,13.4,98,1021.19,1.34,21.6808
标准站,2022/11/4 4:00,1.1,21,45,28,5,50,13.2,98,1020.81,1.4,16.3003
标准站,2022/11/4 3:00,1,25,59,28,5,55,13.4,92,1020.19,1.69,19.0783
标准站,2022/11/4 2:00,0.8,42,49,20,7,37,14.4,78,1019.99,1.51,1.8087
标准站,2022/11/4 1:00,0.7,40,38,16,6,32,14.1,76,1019.86,0.4,316.4241
标准站,2022/11/4 0:00,0.7,38,24,11,6,32,13.7,76,1019.51,0.19,227.4463
标准站,2022/11/3 23:00,0.6,35,21,7,5,43,14.1,73,1019.21,0.63,358.1595
标准站,2022/11/3 22:00,0.6,36,11,6,4,40,14.3,71,1019.42,1.03,8.5391
标准站,2022/11/3 21:00,0.6,24,11,5,4,51,14.2,71,1019.32,1.24,9.6405
标准站,2022/11/3 20:00,0.6,20,15,6,4,56,14.7,71,1018.83,1.61,22.73
标准站,2022/11/3 19:00,0.7,23,17,6,4,55,15.3,68,1018.41,1.66,35.6489
标准站,2022/11/3 18:00,0.6,20,22,6,5,64,15.8,64,1017.46,2.45,37.6897
标准站,2022/11/3 17:00,0.6,22,47,9,5,73,16.4,63,1016.31,2.58,41.6732
标准站,2022/11/3 16:00,0.8,25,67,26,6,103,17.7,56,1015.64,2.53,33.6192
标准站,2022/11/3 15:00,0.8,27,76,43,5,129,18.8,52,1015.18,1.49,9.226
标准站,2022/11/3 14:00,0.8,23,79,45,6,134,18.9,53,1014.87,1.9,14.8869
标准站,2022/11/3 13:00,0.8,27,77,44,6,128,19.2,55,1014.68,1.72,9.7885
标准站,2022/11/3 12:00,1,27,66,43,9,112,19,58,1015.11,1.69,13.945
标准站,2022/11/3 11:00,1.3,26,55,35,11,105,18.5,62,1015.86,0.98,5.3247
标准站,2022/11/3 10:00,1.1,23,40,32,10,100,18.1,62,1015.92,1.27,35.0229
标准站,2022/11/3 9:00,0.9,28,44,22,9,72,17.1,71,1016.2,0.95,81.6535
标准站,2022/11/3 8:00,0.8,38,53,24,7,39,14.9,85,1016.29,1.43,68.9862
标准站,2022/11/3 7:00,0.8,55,51,24,6,12,12.8,91,1016.17,0.81,23.77
标准站,2022/11/3 6:00,0.7,50,56,25,5,11,11.7,94,1015.67,1,30.6464
标准站,2022/11/3 5:00,0.7,45,51,22,5,15,11.7,94,1015.19,0.96,36.7934
标准站,2022/11/3 4:00,0.7,45,46,21,5,8,11.5,94,1014.95,1.43,32.6627
标准站,2022/11/3 3:00,0.7,41,46,19,5,20,12.4,90,1014.92,0.58,58.2914
标准站,2022/11/3 2:00,0.7,36,43,15,6,32,12.5,89,1015.17,0.79,45.9333
标准站,2022/11/3 1:00,0.7,44,40,14,5,23,12.7,88,1015.4,0.38,63.2027
标准站,2022/11/3 0:00,0.7,36,29,13,6,31,13,86,1015.2,0.69,86.4762
标准站,2022/11/2 23:00,0.7,34,33,12,5,39,13.1,84,1015.44,0.98,65.8629
标准站,2022/11/2 22:00,0.7,43,30,11,5,40,14,78,1015.65,1.27,94.2823
标准站,2022/11/2 21:00,0.7,32,33,11,5,57,14.4,76,1015.68,1.96,113.425
标准站,2022/11/2 20:00,0.7,22,36,11,5,75,14.9,73,1015.34,2.49,107.5906
标准站,2022/11/2 19:00,0.7,21,71,14,5,81,15.7,72,1015.18,2.93,98.9823
标准站,2022/11/2 18:00,0.9,43,81,36,6,72,16.7,67,1014.68,1.77,85.0335
标准站,2022/11/2 17:00,0.9,34,70,34,6,101,17.9,60,1014.02,1.82,72.6459
标准站,2022/11/2 16:00,0.8,26,61,28,5,127,19.4,51,1014.18,1.15,70.9265
标准站,2022/11/2 15:00,0.7,19,47,25,5,135,19.9,48,1014.22,1.34,66.1943
标准站,2022/11/2 14:00,0.7,16,50,23,5,132,20,47,1014.39,1.64,68.9179
标准站,2022/11/2 13:00,0.7,17,54,24,5,124,19.6,51,1014.68,1.67,124.2069
标准站,2022/11/2 12:00,0.7,17,40,24,5,117,19.3,53,1015.57,1.51,83.4412
标准站,2022/11/2 11:00,0.7,20,24,24,5,105,19.1,55,1016.93,0.91,97.6834
标准站,2022/11/2 10:00,0.8,19,36,22,6,101,18.3,60,1017.87,1.29,109.3496
标准站,2022/11/2 9:00,0.9,31,64,31,8,84,17,72,1018.48,1.83,89.5703
标准站,2022/11/2 8:00,0.9,43,77,39,9,56,15.4,82,1018.85,1.37,39.4606
标准站,2022/11/2 7:00,1,55,99,40,8,32,13.5,87,1018.84,1.6,11.1591
标准站,2022/11/2 6:00,1,44,103,46,7,35,12.6,91,1018.86,0.8,34.288
标准站,2022/11/2 5:00,1.1,35,101,49,8,38,12.4,92,1018.65,1.04,43.3853
标准站,2022/11/2 4:00,1.2,33,99,48,6,43,12.5,93,1018.4,0.7,47.166
标准站,2022/11/2 3:00,1,33,100,50,5,39,12.2,93,1018,1.27,43.6771
标准站,2022/11/2 2:00,1,33,100,49,6,46,12.8,91,1018.41,1.42,34.3285
标准站,2022/11/2 1:00,1,33,94,46,6,50,13.2,89,1018.9,1.54,20.5443
标准站,2022/11/2 0:00,0.8,28,79,38,4,58,13.5,88,1019.27,1.24,24.5424
标准站,2022/11/1 23:00,0.8,29,73,36,5,63,14.2,86,1019.1,1.28,11.9626
标准站,2022/11/1 22:00,0.9,29,74,38,5,61,14.3,87,1018.8,1.5,10.2961
标准站,2022/11/1 21:00,1,23,81,41,5,70,14.8,85,1018.9,1.4,16.2998
标准站,2022/11/1 20:00,0.9,19,92,42,5,81,15.5,83,1018.42,2.12,32.8055
标准站,2022/11/1 19:00,0.9,20,114,55,5,86,16.3,81,1018.3,2.15,43.5413
标准站,2022/11/1 18:00,1,23,121,66,5,89,17,78,1018.11,2.27,47.7284
标准站,2022/11/1 17:00,0.9,21,86,65,5,102,18.2,72,1017.65,2.19,45.8036
标准站,2022/11/1 16:00,0.8,16,38,32,5,104,19.9,59,1017.2,2.46,45.6662
标准站,2022/11/1 15:00,0.8,12,35,16,5,105,20.6,56,1017.11,3.16,60.949
标准站,2022/11/1 14:00,0.8,11,32,14,6,103,20.8,58,1017.07,3.27,59.4554
标准站,2022/11/1 13:00,0.8,11,28,12,5,100,20.7,62,1017.28,2.73,37.502
标准站,2022/11/1 12:00,0.7,9,18,10,5,99,20.5,64,1018.01,3,42.948
标准站,2022/11/1 11:00,0.6,9,23,9,5,95,20,66,1019.18,3.07,33.1816
标准站,2022/11/1 10:00,0.7,10,25,12,5,91,19,72,1020.07,2.83,66.1344
标准站,2022/11/1 9:00,0.7,15,35,14,6,77,17.8,83,1020.75,2.57,73.2279
标准站,2022/11/1 8:00,1.1,35,51,26,9,44,16.3,95,1020.73,1.5,38.0127
标准站,2022/11/1 7:00,1.4,44,52,35,10,20,14.9,90,1020.55,1.55,21.183
标准站,2022/11/1 6:00,1.1,50,55,29,7,8,14.1,95,1020.08,1.28,8.6623
标准站,2022/11/1 5:00,1,46,42,29,6,9,14,99,1019.72,0.71,18.9217
标准站,2022/11/1 4:00,0.8,39,46,24,6,22,14.4,95,1019.06,1.33,9.0604
标准站,2022/11/1 3:00,0.8,43,49,25,6,17,14.5,98,1018.82,1.25,7.9787
标准站,2022/11/1 2:00,0.7,48,44,24,6,14,14.7,97,1019.15,1.03,12.4135
标准站,2022/11/1 1:00,0.8,40,46,23,5,25,15.1,96,1019.59,0.86,6.1175
标准站,2022/11/1 0:00,0.7,38,47,21,5,29,15.2,94,1019.32,1.52,9.1884
标准站,2022/10/31 23:00,0.7,43,41,23,5,24,15.2,93,1019.16,1.61,11.7734
标准站,2022/10/31 22:00,0.7,32,35,18,4,36,15.4,90,1018.93,1.3,20.6094
标准站,2022/10/31 21:00,0.7,31,40,15,4,42,16,85,1018.71,1.46,32.8287
标准站,2022/10/31 20:00,0.7,41,42,17,5,35,16.5,80,1018.55,1.53,35.3727
标准站,2022/10/31 19:00,0.7,35,40,17,4,43,17.5,74,1018.47,1.23,56.2723
标准站,2022/10/31 18:00,0.7,26,41,14,4,60,18.6,68,1017.83,1.63,40.3487
标准站,2022/10/31 17:00,0.7,22,43,17,5,79,19.9,60,1016.94,1.81,32.6224
标准站,2022/10/31 16:00,0.7,16,32,12,5,98,21.5,53,1016.38,2.09,67.5177
标准站,2022/10/31 15:00,0.6,10,30,10,5,105,22,52,1015.99,2.15,49.6978
标准站,2022/10/31 14:00,0.7,11,33,9,6,101,22,54,1015.73,2.35,62.3191
标准站,2022/10/31 13:00,0.6,9,26,9,5,103,22.1,54,1015.94,2.08,73.4482
标准站,2022/10/31 12:00,0.6,9,35,8,5,96,21.5,58,1016.92,2.76,54.9364
标准站,2022/10/31 11:00,0.6,11,29,8,5,90,20.7,61,1017.88,2.71,77.1754
标准站,2022/10/31 10:00,0.7,14,23,8,6,84,20.5,66,1018.33,2.95,95.991
标准站,2022/10/31 9:00,0.8,15,24,9,7,78,19.6,75,1018.94,2.77,74.1133
标准站,2022/10/31 8:00,0.8,23,37,17,6,56,17.6,92,1019.43,2.18,72.909
标准站,2022/10/31 7:00,1,34,32,25,6,26,15.4,97,1019.28,1.33,38.2547
标准站,2022/10/31 6:00,1,38,40,27,5,18,14.4,97,1018.97,1.89,12.4914
标准站,2022/10/31 5:00,1,34,39,25,5,22,14.5,97,1018.74,1.98,11.2922
标准站,2022/10/31 4:00,0.9,38,43,28,5,21,14.6,96,1018.53,2.02,10.6208
标准站,2022/10/31 3:00,0.8,39,41,28,6,22,14.8,94,1018.51,1.93,10.0542
标准站,2022/10/31 2:00,0.7,39,40,25,5,23,15.2,92,1018.6,1.95,12.5763
标准站,2022/10/31 1:00,0.8,36,52,22,5,30,15.7,89,1018.72,1.65,16.6136
标准站,2022/10/31 0:00,0.7,34,63,23,5,34,16,88,1018.8,1.49,24.2084
标准站,2022/10/30 23:00,0.7,29,35,21,5,43,16.6,85,1018.75,1.01,37.559
标准站,2022/10/30 22:00,0.7,33,30,13,5,40,17.4,82,1018.74,0.87,72.6301
标准站,2022/10/30 21:00,0.7,23,31,11,5,58,17.9,79,1018.58,1.32,95.3261
标准站,2022/10/30 20:00,0.7,23,30,10,5,64,18.4,76,1018.16,2.29,117.7575
标准站,2022/10/30 19:00,0.7,28,32,9,7,60,18.8,74,1017.97,2.41,108.0284
标准站,2022/10/30 18:00,0.7,18,32,9,5,73,19.4,70,1017.44,2.48,98.7416
标准站,2022/10/30 17:00,0.7,15,37,10,5,81,20,67,1016.9,2.49,90.0989
标准站,2022/10/30 16:00,0.8,20,40,14,6,79,20.7,68,1016.59,2.61,91.9581
标准站,2022/10/30 15:00,0.7,15,30,9,5,90,21.3,65,1016.43,2.87,102.5043
标准站,2022/10/30 14:00,0.7,12,37,10,5,101,21.8,62,1016.4,2.77,103.1324
标准站,2022/10/30 13:00,0.7,12,40,12,5,103,22,61,1016.63,2.48,104.4296
标准站,2022/10/30 12:00,0.7,14,44,16,6,98,21.5,69,1017.62,2.15,102.7763
标准站,2022/10/30 11:00,0.9,22,40,21,6,88,19.9,79,1018.76,1.97,87.9088
标准站,2022/10/30 10:00,0.9,25,37,27,6,79,18.2,86,1019.57,1.56,57.873
标准站,2022/10/30 9:00,0.9,29,43,28,6,69,16.7,90,1019.96,1.98,42.1527
标准站,2022/10/30 8:00,0.9,42,54,31,6,42,15.2,92,1019.93,1.74,30.1152
标准站,2022/10/30 7:00,0.9,42,53,30,6,33,14.2,92,1019.56,1.64,13.2557
标准站,2022/10/30 6:00,0.8,31,49,29,5,45,13.7,92,1019.44,1.25,9.1296
标准站,2022/10/30 5:00,0.7,27,42,28,5,48,13.5,91,1019.32,1.11,19.6887
标准站,2022/10/30 4:00,0.7,29,46,26,5,41,12.9,93,1019.28,1.43,23.546
标准站,2022/10/30 3:00,0.7,29,44,25,5,40,13.1,91,1019.32,1.4,22.0346
标准站,2022/10/30 2:00,0.7,28,41,24,4,36,12.8,91,1019.64,1.26,29.2328
标准站,2022/10/30 1:00,0.9,27,42,23,5,42,13.5,88,1019.9,1.18,22.284
标准站,2022/10/30 0:00,0.8,31,44,19,5,37,13.2,90,1020.16,1.11,18.8157
标准站,2022/10/29 23:00,0.7,30,38,21,4,34,13.2,89,1020.28,1.43,29.4035
标准站,2022/10/29 22:00,0.6,27,31,18,4,43,13.8,86,1020.31,1.28,13.412
标准站,2022/10/29 21:00,0.6,24,30,14,4,47,14.3,83,1020.28,1.01,23.9673
标准站,2022/10/29 20:00,0.6,22,30,14,4,54,14.9,79,1019.83,1.47,27.7252
标准站,2022/10/29 19:00,0.6,21,39,12,4,57,15.8,76,1019.53,1.62,46.1636
标准站,2022/10/29 18:00,0.6,25,45,14,4,58,16.8,73,1019.22,2,57.602
标准站,2022/10/29 17:00,0.7,22,44,23,5,76,18,66,1018.62,1.75,45.7124
标准站,2022/10/29 16:00,0.6,15,39,14,5,98,19.2,60,1018.34,1.45,43.0453
标准站,2022/10/29 15:00,0.6,13,35,16,5,108,19.9,56,1018.29,1.75,43.8111
标准站,2022/10/29 14:00,0.6,11,30,13,5,110,20.1,53,1018.26,1.8,55.9683
标准站,2022/10/29 13:00,0.6,11,29,12,5,104,19.7,54,1018.65,1.69,55.7986
标准站,2022/10/29 12:00,0.6,12,17,11,5,94,19.1,57,1019.49,1.73,47.3247
标准站,2022/10/29 11:00,0.6,13,15,10,5,84,18.6,60,1020.52,1.81,70.993
标准站,2022/10/29 10:00,0.6,12,13,8,5,80,17.6,65,1021.44,2.25,87.4006
标准站,2022/10/29 9:00,0.7,17,22,11,5,67,16.6,71,1022.37,2.56,81.208
标准站,2022/10/29 8:00,0.8,21,27,13,6,57,15.7,76,1022.93,2.03,49.0529
标准站,2022/10/29 7:00,0.8,26,27,15,6,45,14.7,81,1022.71,1.56,19.7835
标准站,2022/10/29 6:00,0.7,22,33,16,5,46,14.1,84,1022.31,1.59,11.6977
标准站,2022/10/29 5:00,0.7,21,41,20,5,46,14,85,1021.99,1.55,12.9126
标准站,2022/10/29 4:00,0.8,23,44,26,5,43,13.9,86,1021.61,1.4,11.3498
标准站,2022/10/29 3:00,0.7,25,48,30,5,43,14,85,1021.58,1.37,13.2129
标准站,2022/10/29 2:00,0.7,28,51,32,5,40,14.1,85,1022.07,1.22,8.5049
标准站,2022/10/29 1:00,0.7,29,40,27,5,40,14.1,85,1022.25,0.81,13.1075
标准站,2022/10/29 0:00,0.7,26,31,23,5,46,14.3,83,1022.24,1.23,16.2217
标准站,2022/10/28 23:00,0.7,23,39,21,4,52,14.5,83,1022.44,1.3,21.0317
标准站,2022/10/28 22:00,0.8,23,31,21,4,52,14.6,81,1022.73,1.43,12.3777
标准站,2022/10/28 21:00,0.7,18,27,16,4,66,15,78,1022.64,1.64,25.4347
标准站,2022/10/28 20:00,0.6,16,34,16,4,71,15.3,77,1022.3,2.24,28.2599
标准站,2022/10/28 19:00,0.7,20,46,19,4,65,15.8,76,1021.92,2.09,36.5598
标准站,2022/10/28 18:00,0.7,22,46,25,4,71,16.5,74,1021.5,2.34,41.0374
标准站,2022/10/28 17:00,0.7,23,57,24,5,81,17.4,71,1020.72,1.94,54.7493
标准站,2022/10/28 16:00,0.7,21,54,29,5,99,18.3,66,1020.53,1.78,66.7533
标准站,2022/10/28 15:00,0.6,15,50,29,5,111,18.7,62,1020.39,2.28,59.444
标准站,2022/10/28 14:00,0.6,13,47,26,4,112,18.8,62,1020.34,2.67,67.6877
标准站,2022/10/28 13:00,0.6,11,51,22,4,105,18.8,63,1020.82,3.43,68.7449
标准站,2022/10/28 12:00,0.7,12,47,21,5,97,18.8,67,1021.68,3.08,69.3562
标准站,2022/10/28 11:00,0.7,11,41,21,5,96,18.5,70,1022.48,3.7,68.5902
标准站,2022/10/28 10:00,0.7,14,39,18,5,90,17.9,76,1023.12,3.71,64.2127
标准站,2022/10/28 9:00,0.7,20,37,19,5,77,17.1,81,1023.44,2.4,57.5331
标准站,2022/10/28 8:00,0.7,22,32,17,4,68,16.2,84,1023.3,2.17,46.2549
标准站,2022/10/28 7:00,0.6,21,19,11,4,57,15.4,85,1022.72,2.03,23.0301
标准站,2022/10/28 6:00,0.6,17,22,9,4,58,15.1,86,1022.33,1.51,20.452
标准站,2022/10/28 5:00,0.6,13,18,9,4,64,15.1,86,1021.91,1.86,30.688
标准站,2022/10/28 4:00,0.6,12,21,8,4,63,15.2,88,1021.71,1.87,27.5401
标准站,2022/10/28 3:00,0.6,12,20,8,4,62,15.4,92,1021.67,2.11,34.791
标准站,2022/10/28 2:00,0.6,14,19,8,4,57,15.6,94,1021.63,2.19,38.0633
标准站,2022/10/28 1:00,0.6,13,25,8,4,57,15.8,93,1021.74,1.95,37.5869
标准站,2022/10/28 0:00,0.7,15,25,8,4,57,16.2,92,1021.93,1.77,47.856
标准站,2022/10/27 23:00,0.7,15,17,8,4,60,16.4,90,1022.16,1.67,52.639
标准站,2022/10/27 22:00,0.7,14,25,7,4,68,16.8,88,1022.52,1.56,61.3565
标准站,2022/10/27 21:00,0.7,14,21,8,4,72,17.1,87,1022.29,2.09,66.6931
标准站,2022/10/27 20:00,0.7,14,26,9,4,76,17.4,86,1021.99,2.12,61.9506
标准站,2022/10/27 19:00,0.7,14,27,8,4,76,17.6,85,1021.4,2.5,62.1077
标准站,2022/10/27 18:00,0.7,21,21,10,4,58,17.5,87,1020.87,2.08,60.2069
标准站,2022/10/27 17:00,0.7,20,19,9,4,59,17.4,89,1020.59,2.16,61.4024
标准站,2022/10/27 16:00,0.6,14,16,7,4,66,17.3,87,1020.05,3.09,52.5276
标准站,2022/10/27 15:00,0.6,12,23,6,4,70,18.7,81,1019.6,3.78,47.2603
标准站,2022/10/27 14:00,0.7,14,22,8,5,71,20,77,1019.4,2.07,39.9217
标准站,2022/10/27 13:00,0.8,15,21,9,6,67,20,77,1019.39,2.16,66.187
标准站,2022/10/27 12:00,0.8,16,19,10,6,65,19.7,80,1019.52,3.07,62.4197
标准站,2022/10/27 11:00,0.9,23,30,10,6,52,18.9,86,1020,1.84,57.8874
标准站,2022/10/27 10:00,0.9,30,24,12,6,39,17.8,93,1020.21,1.81,64.2497
标准站,2022/10/27 9:00,0.8,32,22,15,5,32,16.8,97,1020.36,1.58,55.0326
标准站,2022/10/27 8:00,0.8,27,18,12,4,33,16.3,97,1020.25,1.56,42.4442
标准站,2022/10/27 7:00,0.8,24,13,10,4,35,15.9,98,1019.83,1.2,51.4141
标准站,2022/10/27 6:00,0.7,18,11,8,4,41,15.8,98,1019.43,1.62,33.0358
标准站,2022/10/27 5:00,0.6,13,12,7,4,49,16,98,1019.16,1.75,65.0381
标准站,2022/10/27 4:00,0.7,14,12,7,4,45,15.9,98,1018.64,2.08,65.1864
标准站,2022/10/27 3:00,0.7,15,6,6,4,44,15.7,98,1018.7,1.62,35.0173
标准站,2022/10/27 2:00,0.6,9,9,4,4,55,15.5,99,1018.73,1.32,52.5426
标准站,2022/10/27 1:00,0.6,11,11,7,4,52,15.9,99,1018.81,1.75,49.2809
标准站,2022/10/27 0:00,0.6,15,13,7,4,45,16.3,99,1018.68,1.33,57.0076
标准站,2022/10/26 23:00,0.6,18,11,10,4,46,16.5,99,1018.7,1.64,75.2221
标准站,2022/10/26 22:00,0.7,23,23,15,4,41,16.9,98,1018.88,2.27,94.8799
标准站,2022/10/26 21:00,0.7,45,30,22,5,18,17.1,97,1018.77,2.01,89.0574
标准站,2022/10/26 20:00,0.8,67,33,18,6,-1,17.1,95,1018.4,1.89,98.9552
标准站,2022/10/26 19:00,0.9,64,48,20,5,3,17.3,95,1018.31,1.91,93.9275
标准站,2022/10/26 18:00,1,64,60,30,5,0,17.4,95,1017.92,1.6,89.7709
标准站,2022/10/26 17:00,1,61,55,31,5,4,17.6,93,1017.47,0.67,81.1128
标准站,2022/10/26 16:00,0.9,59,52,30,5,11,18.1,87,1017.2,0.68,84.926
标准站,2022/10/26 15:00,0.8,52,50,19,6,27,19.1,76,1017.09,1.36,90.0596
标准站,2022/10/26 14:00,0.7,48,46,13,5,38,19.5,70,1017.33,1.46,116.7542
标准站,2022/10/26 13:00,0.7,44,46,13,5,44,19.5,68,1017.42,2.88,145.5175
标准站,2022/10/26 12:00,0.7,38,37,15,5,51,19.5,68,1018.2,2.51,148.9551
标准站,2022/10/26 11:00,0.8,38,40,14,6,51,18.9,70,1019.08,2.49,143.3615
标准站,2022/10/26 10:00,0.7,44,63,20,7,45,18,71,1019.66,2,157.7551
标准站,2022/10/26 9:00,0.8,50,59,22,8,36,17.1,71,1020.01,1.51,152.7306
标准站,2022/10/26 8:00,0.8,54,56,21,7,30,16.7,71,1020.43,1.25,142.068
标准站,2022/10/26 7:00,0.8,60,55,39,7,19,15.8,73,1019.98,1.08,145.9261
标准站,2022/10/26 6:00,0.7,60,40,19,10,12,15.2,75,1019.75,1.06,139.7733
标准站,2022/10/26 5:00,0.6,61,33,17,10,9,14.9,77,1019.52,0.94,137.3676
标准站,2022/10/26 4:00,0.6,50,32,11,6,17,14.7,79,1019.48,1.24,131.4534
标准站,2022/10/26 3:00,0.6,45,34,12,6,23,14.6,79,1019.54,1.1,112.579
标准站,2022/10/26 2:00,0.7,43,31,14,6,26,14.6,79,1019.98,0.88,87.8703
标准站,2022/10/26 1:00,0.6,39,30,12,7,32,14.6,79,1020.24,1.35,106.0398
标准站,2022/10/26 0:00,0.6,35,31,11,8,40,14.6,77,1020.48,1.59,112.0313
标准站,2022/10/25 23:00,0.6,33,29,10,8,44,14.7,77,1020.84,1.85,98.0087
标准站,2022/10/25 22:00,0.7,35,31,12,9,47,15,74,1020.95,2.27,102.5628
标准站,2022/10/25 21:00,0.6,34,33,13,7,48,15.2,74,1021,2.13,106.4099
标准站,2022/10/25 20:00,0.6,35,35,14,7,47,15.7,70,1020.94,2.52,98.2973
标准站,2022/10/25 19:00,0.6,38,38,15,5,47,16.2,67,1020.67,2.09,107.9027
标准站,2022/10/25 18:00,0.6,27,37,16,6,65,16.8,63,1020.26,2.57,104.9559
标准站,2022/10/25 17:00,0.6,19,29,12,5,80,17.8,56,1020.18,3.06,95.4563
标准站,2022/10/25 16:00,0.6,17,27,8,5,87,18.9,50,1020.24,2.75,103.6768
标准站,2022/10/25 15:00,0.5,13,24,8,4,96,19.5,47,1020.7,3.05,108.9566
标准站,2022/10/25 14:00,0.5,13,26,8,4,98,19.7,47,1020.6,2.91,124.0987
标准站,2022/10/25 13:00,0.5,13,30,9,4,94,19.4,48,1021.05,3.13,130.0675
标准站,2022/10/25 12:00,0.5,13,24,10,5,89,18.8,51,1022.01,3.02,105.3497
标准站,2022/10/25 11:00,0.7,14,24,10,5,83,18.3,51,1022.74,3.25,112.1722
标准站,2022/10/25 10:00,0.6,13,24,9,5,78,17.8,53,1023.36,3.81,100.6346
标准站,2022/10/25 9:00,0.7,16,31,10,5,73,17.2,59,1023.74,3.43,110.4758
标准站,2022/10/25 8:00,0.8,28,44,13,6,57,16.1,68,1023.82,2.38,105.1112
标准站,2022/10/25 7:00,0.9,46,50,28,6,21,14.3,81,1023.36,0.52,86.6713
标准站,2022/10/25 6:00,0.8,43,40,26,6,22,13.7,81,1022.75,0.63,102.0749
标准站,2022/10/25 5:00,0.8,29,32,20,5,35,13.6,82,1022.23,0.83,96.2012
标准站,2022/10/25 4:00,0.7,27,34,20,4,34,13.3,84,1021.81,1.29,70.3771
标准站,2022/10/25 3:00,0.7,26,35,20,4,37,13.6,85,1021.82,0.71,64.3163
标准站,2022/10/25 2:00,0.7,26,40,15,4,39,14,82,1021.79,0.81,60.3353
标准站,2022/10/25 1:00,0.7,42,41,18,5,28,14.6,81,1021.93,0.7,74.5487
标准站,2022/10/25 0:00,0.8,58,41,20,4,18,14.8,80,1022.07,0.49,103.7866
标准站,2022/10/24 23:00,0.8,55,48,21,4,16,14.9,80,1022.18,0.34,169.3946
标准站,2022/10/24 22:00,0.8,45,62,22,5,32,15.1,77,1022.11,0.83,28.0869
标准站,2022/10/24 21:00,0.8,54,60,44,5,27,16,72,1021.94,0.88,81.3054
标准站,2022/10/24 20:00,0.8,45,54,25,5,45,16.6,66,1021.48,1.23,95.0111
标准站,2022/10/24 19:00,0.7,34,60,25,5,61,16.8,62,1021.29,1.58,72.7124
标准站,2022/10/24 18:00,0.8,35,64,26,5,68,17.4,56,1020.67,1.64,53.9431
标准站,2022/10/24 17:00,0.8,28,55,20,6,94,18.7,47,1020.14,1.24,54.5291
标准站,2022/10/24 16:00,0.7,19,43,15,6,114,20.2,40,1019.84,1.79,45.1611
标准站,2022/10/24 15:00,0.7,16,47,17,6,131,20.8,37,1019.78,2.77,60.8561
标准站,2022/10/24 14:00,0.7,16,47,19,7,127,21.1,34,1019.84,3.06,64.1022
标准站,2022/10/24 13:00,0.7,17,41,21,7,120,20.9,35,1020.14,2.85,66.3173
标准站,2022/10/24 12:00,0.7,17,34,18,7,114,20.7,33,1020.92,2.84,64.3458
标准站,2022/10/24 11:00,0.8,22,33,14,7,90,20.3,38,1021.61,2.18,78.475
标准站,2022/10/24 10:00,0.8,27,29,12,7,68,19.2,46,1022.25,1.12,83.4164
标准站,2022/10/24 9:00,0.9,29,35,13,9,60,18,59,1022.42,0.81,103.2161
标准站,2022/10/24 8:00,0.9,34,49,21,6,50,16.7,69,1022.17,0.7,117.5895
标准站,2022/10/24 7:00,0.9,45,55,28,6,31,15.2,75,1021.64,0.68,97.0596
标准站,2022/10/24 6:00,0.8,51,39,20,5,21,13,82,1021.1,0.89,23.4212
标准站,2022/10/24 5:00,0.7,43,35,15,5,26,12.7,83,1020.65,1.26,25.3568
标准站,2022/10/24 4:00,0.7,33,42,14,5,34,12.5,84,1020.28,1.68,28.0257
标准站,2022/10/24 3:00,0.7,37,38,14,4,34,12.6,84,1020.25,1.61,30.2253
标准站,2022/10/24 2:00,0.7,33,39,13,5,42,13.2,80,1020.39,1.47,23.0858
标准站,2022/10/24 1:00,0.7,31,50,13,5,47,13.6,80,1020.63,1.6,17.9497
标准站,2022/10/24 0:00,0.7,28,58,12,4,53,13.7,80,1020.66,1.5,17.521
标准站,2022/10/23 23:00,0.8,27,50,15,4,51,13.7,81,1020.72,1.45,32.4729
标准站,2022/10/23 22:00,0.7,30,58,14,4,49,13.9,78,1020.76,1.49,25.1216
标准站,2022/10/23 21:00,0.8,33,59,13,5,47,14.6,72,1020.58,1.55,26.7596
标准站,2022/10/23 20:00,0.8,34,53,11,5,50,15.5,64,1020.28,1.29,50.4489
标准站,2022/10/23 19:00,0.7,28,54,13,5,59,16.3,58,1019.71,1.36,41.1035
标准站,2022/10/23 18:00,0.7,30,50,10,5,60,17.4,54,1019.15,1.93,39.2549
标准站,2022/10/23 17:00,0.8,24,48,10,5,74,19,47,1018.43,1.53,51.3753
标准站,2022/10/23 16:00,0.7,17,36,6,6,89,20.9,39,1018.03,2.8,40.1467
标准站,2022/10/23 15:00,0.6,15,43,6,5,95,21.9,38,1017.88,3.12,43.8282
标准站,2022/10/23 14:00,0.8,16,70,11,7,109,22.1,44,1017.99,2.58,37.9543
标准站,2022/10/23 13:00,1.1,17,111,30,7,132,21.7,56,1018.37,2.86,42.1613
标准站,2022/10/23 12:00,1.1,17,100,44,6,138,21.3,61,1019.05,2.78,37.7156
标准站,2022/10/23 11:00,1.1,15,92,46,5,137,20.5,68,1019.79,3.34,41.9177
标准站,2022/10/23 10:00,1.5,22,78,48,6,111,19.6,79,1020.38,2.46,29.8342
标准站,2022/10/23 9:00,1.3,24,58,39,5,88,18.6,88,1020.67,1.94,20.5064
标准站,2022/10/23 8:00,1.1,34,47,34,4,56,17.4,94,1020.68,1.32,9.4893
标准站,2022/10/23 7:00,0.8,32,36,28,4,63,16.7,96,1020.18,0.68,356.1763
标准站,2022/10/23 6:00,0.8,27,42,32,4,56,16,99,1019.66,0.69,11.49
标准站,2022/10/23 5:00,1.5,29,51,47,5,40,15.9,99,1019.3,1.12,20.0442
标准站,2022/10/23 4:00,1.3,29,40,43,5,27,16.2,99,1018.78,1.24,26.6633
标准站,2022/10/23 3:00,0.8,28,41,30,4,26,16.2,99,1018.52,1.15,23.7714
标准站,2022/10/23 2:00,0.8,32,38,22,4,18,16.7,98,1018.46,1.24,27.3692
标准站,2022/10/23 1:00,0.8,29,34,19,4,23,17,97,1018.44,0.49,14.5537
标准站,2022/10/23 0:00,0.8,28,26,18,4,20,17.3,97,1018.51,0.65,27.3548
标准站,2022/10/22 23:00,0.8,23,17,14,4,26,17.9,95,1018.6,1.02,24.7591
标准站,2022/10/22 22:00,0.8,23,25,15,4,28,18.3,94,1018.65,1.35,13.6259
标准站,2022/10/22 21:00,1,37,78,40,4,34,18.8,91,1018.34,1.09,19.4186
标准站,2022/10/22 20:00,1.2,64,108,71,5,41,19.6,85,1017.99,1.55,12.6
标准站,2022/10/22 19:00,1.3,57,109,78,6,69,20.5,79,1017.83,0.66,4.2736
标准站,2022/10/22 18:00,1.4,54,94,69,6,99,21.4,72,1017.16,0.23,280.5145
标准站,2022/10/22 17:00,1.1,48,84,57,6,141,22.1,68,1016.51,0.67,7.7468
标准站,2022/10/22 16:00,1.1,33,98,60,7,179,23,65,1016.16,1.86,21.3985
标准站,2022/10/22 15:00,1.2,40,114,63,10,195,24.2,58,1015.97,1.2,6.8276
标准站,2022/10/22 14:00,1.2,37,107,73,9,204,24.8,53,1016.02,0.69,347.953
标准站,2022/10/22 13:00,1,28,89,63,6,185,24.9,54,1016.22,0.88,9.2532
标准站,2022/10/22 12:00,1,24,77,50,7,174,24.5,57,1016.82,0.54,12.3462
标准站,2022/10/22 11:00,1,26,70,48,8,143,23.5,65,1017.44,0.65,20.3484
标准站,2022/10/22 10:00,1.2,30,67,48,8,113,22.6,72,1017.95,0.57,27.736
标准站,2022/10/22 9:00,1,35,64,44,7,72,22.1,77,1018.33,0.27,15.9348
标准站,2022/10/22 8:00,0.9,39,69,46,6,46,21.3,81,1018.11,0.5,257.549
标准站,2022/10/22 7:00,1.2,52,74,47,6,15,20.4,86,1017.52,0.22,196.6485
标准站,2022/10/22 6:00,1.1,44,60,42,6,13,18,93,1017.1,0.36,225.1209
标准站,2022/10/22 5:00,0.9,50,61,40,7,7,18.4,92,1016.86,0.49,201.9113
标准站,2022/10/22 4:00,0.9,54,66,39,7,1,18.6,91,1016.75,0.22,217.8697
标准站,2022/10/22 3:00,0.9,61,67,42,7,-1,18.4,91,1016.72,0.5,11.4067
标准站,2022/10/22 2:00,0.8,60,60,39,5,0,18.1,90,1016.98,0.38,13.899
标准站,2022/10/22 1:00,0.9,67,59,33,4,0,18.4,88,1017.18,0.36,356.9972
标准站,2022/10/22 0:00,0.9,68,55,31,4,1,19,85,1017.23,0.27,193.5659
标准站,2022/10/21 23:00,0.9,78,62,30,4,2,19.3,83,1017.58,0.18,180.1224
标准站,2022/10/21 22:00,0.9,91,67,33,5,-1,19.7,79,1017.83,0.75,187.8951
标准站,2022/10/21 21:00,0.9,90,69,34,5,6,20.6,74,1017.65,1.22,182.3156
标准站,2022/10/21 20:00,0.9,74,75,32,5,23,21,72,1017.43,0.62,73.8598
标准站,2022/10/21 19:00,0.9,92,73,32,6,20,21.6,68,1016.94,1.14,235.6559
标准站,2022/10/21 18:00,1,69,64,30,5,51,22.1,66,1016.62,0.58,155.7436
标准站,2022/10/21 17:00,1,42,51,20,5,105,22.8,61,1016.4,1.1,114.1021
标准站,2022/10/21 16:00,0.9,27,47,14,5,139,23.5,57,1016.1,1.22,150.3951
标准站,2022/10/21 15:00,0.7,20,45,14,5,152,24.1,54,1016.06,1.28,159.7904
标准站,2022/10/21 14:00,0.7,21,41,14,5,154,23.8,55,1016,2.11,169.8515
标准站,2022/10/21 13:00,0.7,18,35,12,5,145,23.8,54,1016.06,2.98,170.8578
标准站,2022/10/21 12:00,0.7,16,28,10,5,115,23.1,55,1017.29,2.3,186.6384
标准站,2022/10/21 11:00,0.7,20,25,9,5,96,22.7,55,1018.06,2.75,191.2609
标准站,2022/10/21 10:00,0.7,20,31,8,6,88,21.9,57,1018.88,4.05,198.9536
标准站,2022/10/21 9:00,0.8,34,44,13,8,64,20.5,66,1019.41,3.06,185.3194
标准站,2022/10/21 8:00,1,59,52,24,8,24,18.3,81,1019.5,1.63,145.28
标准站,2022/10/21 7:00,1,58,46,29,6,8,15.7,90,1019.25,0.62,68.4152
标准站,2022/10/21 6:00,0.9,64,47,27,7,2,15.4,89,1018.72,0.65,97.282
标准站,2022/10/21 5:00,0.9,67,43,32,11,1,15.5,88,1018.26,0.96,144.5151
标准站,2022/10/21 4:00,0.8,68,38,21,6,-3,15.2,89,1018.18,1.33,137.6848
标准站,2022/10/21 3:00,0.7,56,45,24,4,6,15,88,1018.51,0.42,33.6919
标准站,2022/10/21 2:00,0.7,67,42,17,5,0,15.2,85,1018.84,0.61,53.5495
标准站,2022/10/21 1:00,0.8,67,44,16,5,8,15.8,80,1019.37,0.73,119.8647
标准站,2022/10/21 0:00,0.8,76,38,17,6,-1,15.9,80,1019.45,1.48,143.7637
标准站,2022/10/20 23:00,0.8,75,44,14,5,-2,15.9,81,1019.75,1.75,116.3771
标准站,2022/10/20 22:00,0.8,74,47,17,5,0,16.1,80,1020.04,1.55,115.2854
标准站,2022/10/20 21:00,0.9,67,38,15,5,7,16.2,80,1020.23,1.56,113.8077
标准站,2022/10/20 20:00,0.9,60,46,13,6,16,17,75,1020.24,1.8,100.8343
标准站,2022/10/20 19:00,0.9,46,41,12,6,36,17.6,71,1020.19,2.25,109.3285
标准站,2022/10/20 18:00,0.9,44,46,13,6,44,18.2,66,1019.79,2.1,103.4377
标准站,2022/10/20 17:00,0.9,42,49,15,6,55,19.3,62,1019.1,1.83,105.1174
标准站,2022/10/20 16:00,0.7,34,45,11,5,74,20.7,53,1018.96,2.45,124.0543
标准站,2022/10/20 15:00,0.6,27,45,11,4,82,21.3,49,1019.14,2.93,143.5589
标准站,2022/10/20 14:00,0.6,27,40,13,5,79,21,50,1019.38,2.79,153.435
标准站,2022/10/20 13:00,0.6,28,38,12,4,74,20.3,51,1020.11,3.81,154.8256
标准站,2022/10/20 12:00,0.7,25,30,11,5,75,19.9,54,1021.23,2.94,149.2259
标准站,2022/10/20 11:00,0.7,22,24,12,5,76,18.9,58,1022.43,2.9,111.1833
标准站,2022/10/20 10:00,0.7,19,14,9,5,74,18.2,60,1023.54,2.36,143.4921
标准站,2022/10/20 9:00,0.7,18,29,8,6,73,17.6,63,1024.01,2.66,134.8938
标准站,2022/10/20 8:00,0.8,34,50,21,6,52,16.2,71,1023.91,1.92,95.2131
标准站,2022/10/20 7:00,0.8,46,50,29,5,28,14,78,1023.39,0.83,37.6276
标准站,2022/10/20 6:00,0.7,47,34,29,5,25,12.2,81,1022.82,0.84,57.1836
标准站,2022/10/20 5:00,0.7,38,35,20,4,31,11.9,82,1022.3,0.94,63.1719
标准站,2022/10/20 4:00,0.7,36,44,21,4,31,12.1,82,1022.02,1.16,52.5221
标准站,2022/10/20 3:00,0.7,39,49,26,4,30,12.3,80,1022.04,1.07,48.4898
标准站,2022/10/20 2:00,0.7,48,52,27,5,22,12.5,80,1022.27,0.81,53.6707
标准站,2022/10/20 1:00,0.7,48,53,29,5,22,12.7,82,1022.6,0.9,65.3657
标准站,2022/10/20 0:00,0.7,77,50,26,5,3,13.5,78,1022.95,1.11,85.9776
标准站,2022/10/19 23:00,0.7,65,44,25,5,18,13.8,74,1023.32,1.26,104.8607
标准站,2022/10/19 22:00,0.7,56,66,29,5,28,14,73,1023.58,0.83,111.4376
标准站,2022/10/19 21:00,0.8,44,68,56,6,44,14.5,70,1023.51,1.45,84.2844
标准站,2022/10/19 20:00,0.7,41,47,26,7,49,15.1,66,1023.15,1.32,92.9998
标准站,2022/10/19 19:00,0.7,30,45,22,5,65,15.8,61,1022.8,1.77,92.8657
标准站,2022/10/19 18:00,0.7,27,44,17,6,71,16.6,55,1022.38,2.3,94.5655
标准站,2022/10/19 17:00,0.8,30,38,17,6,81,17.6,50,1021.89,2.28,106.6598
标准站,2022/10/19 16:00,0.8,24,33,14,6,101,18.8,45,1021.88,2.27,122.8335
标准站,2022/10/19 15:00,0.7,18,34,17,6,107,19.2,44,1021.8,2.18,117.4569
标准站,2022/10/19 14:00,0.6,13,23,14,6,103,19.1,42,1021.94,1.43,86.1111
标准站,2022/10/19 13:00,0.6,13,19,12,6,94,18.8,43,1022.18,1.57,86.5809
标准站,2022/10/19 12:00,0.6,13,13,10,5,88,18.2,44,1022.86,1.37,98.7044
标准站,2022/10/19 11:00,0.6,12,21,11,5,87,17.4,47,1023.75,1.75,84.5617
标准站,2022/10/19 10:00,0.6,15,22,12,6,74,16.6,53,1024.4,1.72,86.9738
标准站,2022/10/19 9:00,0.6,15,22,12,5,70,15.7,56,1024.65,2.04,51.3109
标准站,2022/10/19 8:00,0.7,23,41,15,6,58,14.8,61,1024.5,1.64,45.2856
标准站,2022/10/19 7:00,1.1,40,39,27,9,30,12.9,69,1023.96,1.44,16.1652
标准站,2022/10/19 6:00,0.8,42,29,18,7,26,11.9,69,1023.24,1.34,21.9587
标准站,2022/10/19 5:00,0.7,49,44,20,5,11,10.8,79,1022.79,1.22,20.1511
标准站,2022/10/19 4:00,0.7,62,46,29,6,-2,11,79,1022.46,1.26,25.1292
标准站,2022/10/19 3:00,0.7,57,43,28,5,7,11.7,75,1022.29,0.75,32.385
标准站,2022/10/19 2:00,0.7,54,43,26,5,7,11.9,73,1022.44,0.57,27.2856
标准站,2022/10/19 1:00,0.7,53,42,22,5,9,12.4,69,1022.49,0.67,27.0201
标准站,2022/10/19 0:00,0.7,52,36,19,4,10,12.6,68,1022.43,0.58,27.0159
标准站,2022/10/18 23:00,0.7,52,36,16,4,10,12.7,71,1022.38,0.63,41.8511
标准站,2022/10/18 22:00,0.7,54,48,22,4,6,12.8,74,1022.47,0.36,43.4511
标准站,2022/10/18 21:00,0.7,44,46,32,4,15,13.7,69,1022.39,0.67,88.2881
标准站,2022/10/18 20:00,0.7,44,51,24,5,20,13.6,67,1022.15,1.16,50.8165
标准站,2022/10/18 19:00,0.7,43,45,24,4,27,14.6,62,1021.83,1.28,37.3135
标准站,2022/10/18 18:00,0.7,30,50,19,5,49,15.7,55,1021.52,1,53.9283
标准站,2022/10/18 17:00,0.8,24,34,15,6,66,16.7,49,1021.17,1.73,60.1164
标准站,2022/10/18 16:00,0.8,22,37,12,7,79,18,43,1020.96,2,63.3669
标准站,2022/10/18 15:00,0.8,15,34,12,7,92,18.6,40,1020.87,1.49,25.9713
标准站,2022/10/18 14:00,0.9,15,33,10,8,94,18.6,38,1020.86,1.58,12.9273
标准站,2022/10/18 13:00,0.9,15,41,10,9,89,18.1,41,1021.13,2.05,50.3156
标准站,2022/10/18 12:00,0.8,14,41,8,7,83,17.8,40,1021.91,2,50.9738
标准站,2022/10/18 11:00,0.9,16,32,9,8,72,17.3,39,1022.68,1.74,43.8093
标准站,2022/10/18 10:00,0.7,14,33,9,6,64,16.3,46,1023.28,2.52,34.4715
标准站,2022/10/18 9:00,0.6,16,45,8,5,56,15.5,51,1023.55,2.51,15.0541
标准站,2022/10/18 8:00,0.6,26,45,10,6,40,14.3,55,1023.46,1.78,6.5448
标准站,2022/10/18 7:00,0.7,30,43,11,6,34,12.9,59,1022.96,1.33,2.8946
标准站,2022/10/18 6:00,0.6,34,42,15,6,35,11.7,62,1022.63,1.11,4.8618
标准站,2022/10/18 5:00,0.7,30,42,13,6,37,11.6,61,1022.34,1.15,2.1125
标准站,2022/10/18 4:00,0.7,26,40,13,5,35,11.9,59,1022.24,1.18,11.1526
标准站,2022/10/18 3:00,0.6,25,43,12,6,41,12.2,55,1022.2,1.67,17.7297
标准站,2022/10/18 2:00,0.6,26,43,13,6,47,12.9,50,1022.05,1.94,14.7273
标准站,2022/10/18 1:00,0.6,30,48,13,6,49,13.4,46,1022.06,1.69,9.4029
标准站,2022/10/18 0:00,0.7,30,46,12,6,52,13.7,44,1022,1.29,357.933
标准站,2022/10/17 23:00,0.6,29,37,7,6,54,13.8,44,1022.26,1.18,12.5876
标准站,2022/10/17 22:00,0.8,33,39,7,7,52,13.8,45,1022.53,1.36,13.6887
标准站,2022/10/17 21:00,1.5,34,37,7,13,51,13.7,48,1022.62,1.53,15.8259
标准站,2022/10/17 20:00,0.9,28,34,6,9,56,14.1,53,1022.43,2.08,34.8325
标准站,2022/10/17 19:00,0.6,26,37,6,4,52,14.6,58,1021.95,1.85,33.5437
标准站,2022/10/17 18:00,0.6,26,37,5,5,54,15.5,54,1021.39,1.43,38.2599
标准站,2022/10/17 17:00,0.8,23,38,5,7,64,16.9,47,1020.81,2.53,39.4953
标准站,2022/10/17 16:00,0.7,19,41,4,6,72,18.3,45,1020.43,3.69,33.0222
标准站,2022/10/17 15:00,0.6,16,40,4,5,79,19.1,44,1020.07,4.46,27.1929
标准站,2022/10/17 14:00,0.6,15,44,4,5,80,19.7,43,1019.69,4.54,22.952
标准站,2022/10/17 13:00,0.7,15,42,4,7,80,20,44,1019.67,4.5,26.2964
标准站,2022/10/17 12:00,0.6,14,35,5,5,77,19.8,47,1020.2,4.44,32.4191
标准站,2022/10/17 11:00,0.6,13,38,6,5,72,19.6,51,1020.72,4.59,35.802
标准站,2022/10/17 10:00,0.6,14,33,5,5,68,19.4,55,1020.81,4.65,40.6528
标准站,2022/10/17 9:00,0.6,14,40,7,5,62,18.8,64,1020.84,4.77,31.5333
标准站,2022/10/17 8:00,0.8,18,54,16,6,59,18.1,75,1020.63,4.27,29.831
标准站,2022/10/17 7:00,1.4,21,63,30,9,65,17.5,82,1020.11,4,27.7171
标准站,2022/10/17 6:00,1.6,19,76,44,9,79,17.2,88,1019.3,3.85,30.6868
标准站,2022/10/17 5:00,1.8,19,78,54,9,99,17.2,89,1018.99,2.71,33.0572
标准站,2022/10/17 4:00,1.6,20,69,51,9,107,17,89,1018.62,1.56,24.4437
标准站,2022/10/17 3:00,1.1,24,67,52,7,89,17.1,89,1018.23,0.82,12.9799
标准站,2022/10/17 2:00,1,25,77,51,7,85,17,88,1018.08,0.56,12.3913
标准站,2022/10/17 1:00,1,27,74,48,7,79,16.9,87,1018.18,0.64,359.9103
标准站,2022/10/17 0:00,1.6,33,52,46,10,67,16.6,87,1017.9,0.94,23.3595
标准站,2022/10/16 23:00,1.2,30,49,45,8,75,16.8,86,1017.78,1.26,26.0596
标准站,2022/10/16 22:00,0.8,20,39,38,5,92,16.7,86,1017.68,1.73,31.1404
标准站,2022/10/16 21:00,0.8,22,46,35,4,89,16.9,84,1017.49,1.44,28.3506
标准站,2022/10/16 20:00,0.8,22,49,32,4,86,17.3,80,1017.32,1.8,26.9685
标准站,2022/10/16 19:00,0.9,27,52,25,5,80,18.2,73,1016.84,1.44,37.5135
标准站,2022/10/16 18:00,0.8,26,51,21,5,92,19.7,63,1015.97,1.39,35.0057
标准站,2022/10/16 17:00,1.1,28,51,21,8,105,21.1,55,1015.1,1.96,28.3496
标准站,2022/10/16 16:00,1.2,22,49,22,9,129,22.7,51,1014.52,2.43,24.5576
标准站,2022/10/16 15:00,1.4,21,54,24,11,153,23.5,51,1014.24,2.19,17.0756
标准站,2022/10/16 14:00,1.5,21,48,22,12,157,23.9,51,1014.09,1.51,20.7282
标准站,2022/10/16 13:00,1.2,18,43,18,10,152,23.4,54,1014.33,1.39,42.8798
标准站,2022/10/16 12:00,1.3,19,37,19,12,143,22.4,58,1014.96,1.38,50.9149
标准站,2022/10/16 11:00,1.4,22,32,19,12,131,21.7,61,1015.65,1.07,58.6689
标准站,2022/10/16 10:00,1.2,22,27,17,11,119,20.4,67,1016.26,1.75,20.4815
标准站,2022/10/16 9:00,1,21,30,16,9,109,19.4,73,1016.57,1.95,18.9436
标准站,2022/10/16 8:00,1.5,33,39,24,12,82,18.2,82,1016.49,1.2,23.5745
标准站,2022/10/16 7:00,1.3,47,40,31,9,56,16.8,88,1016.12,0.52,1.149
标准站,2022/10/16 6:00,1.3,47,51,36,7,42,15.3,92,1016.08,0.44,7.0164
标准站,2022/10/16 5:00,1.2,39,48,40,6,49,15.2,92,1015.62,0.57,7.8101
标准站,2022/10/16 4:00,0.8,38,52,40,5,45,15.2,92,1015.16,0.92,9.565
标准站,2022/10/16 3:00,0.7,37,62,44,5,47,15.3,92,1015.02,1.24,13.1779
标准站,2022/10/16 2:00,0.8,34,65,48,5,52,15.5,91,1015.17,0.83,17.0691
标准站,2022/10/16 1:00,0.7,33,61,47,4,56,15.6,91,1015.14,0.96,16.6449
标准站,2022/10/16 0:00,0.8,37,55,39,4,54,15.8,89,1015.15,0.89,23.6451
标准站,2022/10/15 23:00,0.8,37,44,35,4,56,16.1,87,1015.23,0.7,23.678
标准站,2022/10/15 22:00,0.7,27,32,28,4,76,16.4,86,1015.62,0.68,31.0768
标准站,2022/10/15 21:00,0.7,20,34,21,4,90,16.8,83,1015.85,1.1,54.6136
标准站,2022/10/15 20:00,0.7,17,40,20,4,96,17.7,79,1015.74,1.7,59.7351
标准站,2022/10/15 19:00,0.7,30,53,23,4,75,18.6,75,1015.31,1.71,44.2798
标准站,2022/10/15 18:00,0.9,35,52,24,5,81,19.6,67,1014.54,1.14,21.7525
标准站,2022/10/15 17:00,0.8,26,46,18,5,110,21,61,1013.98,1.31,42.8478
标准站,2022/10/15 16:00,0.9,17,37,15,5,137,22.2,55,1013.71,1.92,67.5557
标准站,2022/10/15 15:00,0.8,15,37,13,5,139,22.7,53,1013.62,1.57,48.2782
标准站,2022/10/15 14:00,0.7,12,32,13,4,140,22.8,53,1013.64,1.31,44.4898
标准站,2022/10/15 13:00,0.7,12,24,12,4,132,22.2,56,1013.85,1.19,34.4514
标准站,2022/10/15 12:00,0.7,13,20,11,5,120,21.7,59,1014.66,0.91,52.7
标准站,2022/10/15 11:00,0.7,18,23,14,5,105,20.7,65,1015.41,1.03,63.4726
标准站,2022/10/15 10:00,0.9,19,19,13,6,98,19.9,67,1016,1.59,104.7782
标准站,2022/10/15 9:00,1,21,26,13,8,91,18.9,70,1016.5,1.68,44.3492
标准站,2022/10/15 8:00,1.3,34,31,21,13,61,17.7,80,1016.84,1.11,19.9633
标准站,2022/10/15 7:00,1.3,47,48,33,10,29,15.6,90,1016.72,0.92,22.4285
标准站,2022/10/15 6:00,0.9,51,55,39,6,19,14.3,93,1016.29,0.6,9.6225
标准站,2022/10/15 5:00,0.9,45,53,38,5,29,14.5,91,1015.78,0.58,7.1633
标准站,2022/10/15 4:00,1,43,59,40,6,37,15,90,1015.14,0.66,5.0534
标准站,2022/10/15 3:00,0.9,42,51,38,5,44,15.3,89,1014.85,0.6,7.3794
标准站,2022/10/15 2:00,0.8,37,47,33,4,49,15.4,90,1014.95,0.72,10.0648
标准站,2022/10/15 1:00,0.8,43,43,34,4,59,15.6,90,1015.26,0.65,11.2417
标准站,2022/10/15 0:00,0.7,39,32,25,4,38,15.8,89,1015.53,0.37,9.6325
标准站,2022/10/14 23:00,0.7,38,29,23,4,46,15.8,89,1015.64,0.86,25.9319
标准站,2022/10/14 22:00,0.8,21,31,18,4,67,16.2,87,1015.87,0.94,50.4452
标准站,2022/10/14 21:00,0.8,20,30,16,4,68,16.7,85,1016.14,1.16,63.4527
标准站,2022/10/14 20:00,0.9,20,45,17,5,69,17.4,83,1015.9,1.28,59.4915
标准站,2022/10/14 19:00,0.8,33,46,24,4,57,18.3,79,1015.19,1.41,56.8439
标准站,2022/10/14 18:00,0.7,25,44,16,4,76,19.4,73,1014.5,1.54,37.4828
标准站,2022/10/14 17:00,0.9,24,47,18,5,90,20.8,66,1014.09,1.8,44.0993
标准站,2022/10/14 16:00,0.8,19,42,16,5,105,21.8,62,1013.88,1.81,41.4546
标准站,2022/10/14 15:00,0.7,14,31,12,4,116,22.2,59,1013.82,1.49,38.4069
标准站,2022/10/14 14:00,0.6,11,34,12,4,123,22.4,58,1013.64,1.28,42.2451
标准站,2022/10/14 13:00,0.6,11,35,12,5,120,22.2,59,1014.05,1.4,65.0734
标准站,2022/10/14 12:00,0.7,11,38,11,5,114,21.9,62,1014.84,1.59,43.1369
标准站,2022/10/14 11:00,0.7,13,32,11,6,103,21.3,66,1015.72,1.91,80.4642
标准站,2022/10/14 10:00,0.7,17,31,12,6,90,20.3,73,1016.44,2.27,78.5919
标准站,2022/10/14 9:00,0.8,18,31,12,7,84,19.5,79,1017.01,2.99,78.7548
标准站,2022/10/14 8:00,1.1,31,47,19,7,55,18.3,86,1017.33,1.92,36.9886
标准站,2022/10/14 7:00,1.3,41,51,27,8,33,16.5,90,1017.21,1.52,24.6854
标准站,2022/10/14 6:00,1.2,47,45,31,8,40,15.5,91,1016.88,0.73,15.7789
标准站,2022/10/14 5:00,0.8,39,40,27,5,41,15.3,91,1016.54,0.77,9.1321
标准站,2022/10/14 4:00,0.8,35,45,26,5,40,15.4,91,1016.24,1,13.4618
标准站,2022/10/14 3:00,0.8,33,41,26,5,42,15.3,91,1016.3,1.25,13.1491
标准站,2022/10/14 2:00,0.8,28,40,23,4,50,15.6,92,1016.57,1.26,14.8583
标准站,2022/10/14 1:00,0.7,32,49,26,5,45,15.3,94,1016.96,1.58,13.8064
标准站,2022/10/14 0:00,0.8,32,43,32,5,48,15.6,94,1017.12,1.48,19.9744
标准站,2022/10/13 23:00,0.8,26,32,20,4,56,15.7,93,1017.5,1.21,30.5295
标准站,2022/10/13 22:00,0.9,29,34,19,5,53,16,91,1017.94,1.29,53.6371
标准站,2022/10/13 21:00,0.9,27,41,19,5,60,16.4,88,1018.04,1.37,57.6344
标准站,2022/10/13 20:00,0.8,33,45,19,4,55,17.1,82,1017.73,1.57,63.6636
标准站,2022/10/13 19:00,0.7,42,54,25,4,45,17.9,76,1017.36,1.43,64.7624
标准站,2022/10/13 18:00,0.7,37,48,23,5,66,19.3,69,1016.83,1.19,85.9751
标准站,2022/10/13 17:00,0.9,31,40,20,5,92,20.4,62,1016.64,1.43,111.8906
标准站,2022/10/13 16:00,0.7,19,33,12,4,117,21.6,55,1016.76,2.16,101.9426
标准站,2022/10/13 15:00,0.6,16,30,12,5,124,22,52,1016.77,1.96,112.2286
标准站,2022/10/13 14:00,0.6,13,29,11,5,126,21.9,51,1017.05,1.91,91.3977
标准站,2022/10/13 13:00,0.7,12,26,9,5,125,21.8,50,1017.66,1.89,75.0733
标准站,2022/10/13 12:00,0.7,11,22,13,6,120,21,53,1018.63,2.04,70.4036
标准站,2022/10/13 11:00,0.7,12,22,11,5,107,20.4,56,1019.6,2.11,77.6266
标准站,2022/10/13 10:00,0.6,13,20,9,6,95,19.5,60,1020.53,2.12,52.4726
标准站,2022/10/13 9:00,0.9,18,31,10,7,85,18.5,65,1020.7,2.59,76.6247
标准站,2022/10/13 8:00,0.7,27,42,17,5,60,17.1,73,1020.7,2.22,62.0622
标准站,2022/10/13 7:00,0.8,41,50,27,5,32,15.1,81,1020.52,1.19,55.119
标准站,2022/10/13 6:00,0.8,43,43,28,5,26,13.5,85,1020.37,1.6,20.9596
标准站,2022/10/13 5:00,0.7,40,39,28,5,30,13.7,82,1020.2,1.43,14.3226
标准站,2022/10/13 4:00,0.7,41,44,24,5,32,13.9,81,1020.06,1.33,11.9872
标准站,2022/10/13 3:00,0.7,43,46,26,5,29,14,81,1020.04,1.36,11.8992
标准站,2022/10/13 2:00,0.7,40,46,26,5,31,14.1,79,1020.32,1.05,15.3535
标准站,2022/10/13 1:00,0.7,42,49,25,5,32,14,80,1020.56,1.15,10.943
标准站,2022/10/13 0:00,0.7,44,52,28,5,27,13.8,81,1020.44,0.85,26.9402
标准站,2022/10/12 23:00,0.8,41,38,25,5,37,14.2,78,1020.95,1.12,12.5257
标准站,2022/10/12 22:00,0.8,37,40,18,5,38,14,79,1021.11,1.02,26.6818
标准站,2022/10/12 21:00,0.7,42,42,17,4,34,14.5,77,1021.47,1.09,43.4136
标准站,2022/10/12 20:00,0.7,33,42,20,4,47,15.2,72,1021.68,1.16,38.1725
标准站,2022/10/12 19:00,0.7,32,44,18,5,56,16.1,69,1021.3,1.54,79.4212
标准站,2022/10/12 18:00,0.8,37,49,22,5,56,16.7,65,1020.83,1.74,72.5114
标准站,2022/10/12 17:00,0.7,24,36,17,5,83,18.1,58,1020.58,1.8,75.6049
标准站,2022/10/12 16:00,0.7,18,34,11,5,101,19.2,51,1020.56,1.87,81.5848
标准站,2022/10/12 15:00,0.7,15,28,10,5,104,19.7,49,1020.42,2.48,90.7377
标准站,2022/10/12 14:00,0.6,15,30,12,5,99,19.5,50,1020.59,2.5,67.3897
标准站,2022/10/12 13:00,0.6,13,28,9,5,99,19.4,49,1021.07,1.76,77.6197
标准站,2022/10/12 12:00,0.6,12,27,8,4,96,19,50,1021.89,1.71,88.2246
标准站,2022/10/12 11:00,0.6,13,18,7,5,91,17.9,53,1022.77,2.02,102.3587
标准站,2022/10/12 10:00,0.6,15,17,8,5,85,17.4,56,1023.04,2.51,81.7168
标准站,2022/10/12 9:00,0.7,22,31,10,6,74,16.9,63,1023.04,2.78,80.6915
标准站,2022/10/12 8:00,0.9,32,55,15,8,53,16.1,74,1022.88,2.14,55.1013
标准站,2022/10/12 7:00,1.2,53,56,32,9,15,13.4,85,1022.45,1.4,24.4836
标准站,2022/10/12 6:00,1,49,42,25,7,22,13.2,82,1022.09,1.2,17.3005
标准站,2022/10/12 5:00,0.8,42,44,22,6,28,13.2,82,1021.7,1.01,19.2929
标准站,2022/10/12 4:00,0.7,47,40,25,5,20,12.9,84,1021.37,1.35,21.6453
标准站,2022/10/12 3:00,0.7,41,33,21,4,27,13.1,83,1021.35,1.18,20.8857
标准站,2022/10/12 2:00,0.7,29,40,13,4,43,13.5,80,1021.46,1.1,17.9077
标准站,2022/10/12 1:00,0.8,36,37,19,5,33,13.3,83,1021.44,1.26,19.4481
标准站,2022/10/12 0:00,0.7,44,37,17,4,18,12.9,87,1021.46,1.28,44.3246
标准站,2022/10/11 23:00,0.7,48,36,19,5,16,13.1,84,1021.57,1.42,51.2395
标准站,2022/10/11 22:00,0.7,45,40,18,5,23,13.7,79,1021.84,1.19,46.657
标准站,2022/10/11 21:00,0.7,43,46,23,6,29,14.2,74,1022.01,1.23,33.9168
标准站,2022/10/11 20:00,0.7,41,47,24,5,34,14.7,70,1021.85,1.08,28.989
标准站,2022/10/11 19:00,0.7,35,48,24,5,52,15.8,64,1021.39,1.13,51.5537
标准站,2022/10/11 18:00,0.8,37,54,26,6,66,16.4,59,1020.75,1.27,44.2394
标准站,2022/10/11 17:00,0.9,26,51,24,7,91,17.6,53,1020.3,1.76,69.3634
标准站,2022/10/11 16:00,0.9,21,50,23,8,107,18.8,46,1020,1.39,47.0499
标准站,2022/10/11 15:00,0.8,17,51,24,8,113,19.4,42,1019.91,1.9,45.8024
标准站,2022/10/11 14:00,0.7,14,41,20,7,108,19.4,42,1019.99,1.57,60.0795
标准站,2022/10/11 13:00,1,19,38,23,12,99,19.4,41,1020.36,0.95,49.17
标准站,2022/10/11 12:00,0.9,21,31,27,11,89,19.1,40,1020.99,0.76,51.9046
标准站,2022/10/11 11:00,0.7,20,43,28,8,82,18,42,1021.92,0.79,61.3984
标准站,2022/10/11 10:00,0.7,23,55,28,9,75,17.4,38,1022.42,0.81,22.4121
标准站,2022/10/11 9:00,0.9,46,76,36,11,49,15.9,41,1022.86,0.87,11.9927
标准站,2022/10/11 8:00,1,63,88,43,10,18,13.9,53,1023.21,0.71,258.3217
标准站,2022/10/11 7:00,1,62,73,40,9,12,12.4,59,1022.74,0.69,255.8506
标准站,2022/10/11 6:00,0.9,63,55,34,8,11,11.8,57,1022.11,0.74,256.1715
标准站,2022/10/11 5:00,0.8,62,47,29,6,8,11.6,58,1021.83,0.46,261.6829
标准站,2022/10/11 4:00,0.7,53,36,25,6,22,11.3,57,1021.67,0.44,259.1381
标准站,2022/10/11 3:00,0.7,67,37,22,5,20,10.7,63,1021.48,0.39,211.0045
标准站,2022/10/11 2:00,0.6,37,41,20,5,37,11.5,53,1021.6,0.1,313.5478
标准站,2022/10/11 1:00,0.6,47,37,21,5,29,11,56,1021.87,0.45,255.0408
标准站,2022/10/11 0:00,0.7,54,37,21,4,13,10.5,62,1022.26,0.4,215.0106
标准站,2022/10/10 23:00,0.8,59,57,21,5,12,10.5,64,1022.23,0.38,198.8572
标准站,2022/10/10 22:00,0.7,60,56,23,5,17,11.2,60,1022.29,0.29,193.4045
标准站,2022/10/10 21:00,0.7,61,46,19,5,34,12.4,51,1022.29,0.01,225.7166
标准站,2022/10/10 20:00,0.6,45,43,16,5,43,13,46,1021.92,0.88,12.1731
标准站,2022/10/10 19:00,0.6,50,52,14,5,38,13.1,47,1021.53,1.42,15.135
标准站,2022/10/10 18:00,0.6,49,48,16,5,52,13.9,45,1020.79,1.32,25.5247
标准站,2022/10/10 17:00,0.5,33,36,12,4,71,15.7,34,1019.97,0.21,322.6378
标准站,2022/10/10 16:00,0.5,21,34,11,5,85,16.6,30,1019.69,0.56,315.6149
标准站,2022/10/10 15:00,0.5,17,32,11,4,92,17.6,27,1019.56,0.96,296.55
标准站,2022/10/10 14:00,0.5,14,34,9,4,96,17.5,27,1019.58,1.32,306.0198
标准站,2022/10/10 13:00,0.5,14,36,9,4,93,17.5,26,1019.71,1.04,310.4794
标准站,2022/10/10 12:00,0.5,13,43,8,4,89,17,26,1019.86,1.53,290.8077
标准站,2022/10/10 11:00,0.5,16,43,10,5,82,16.5,29,1020.44,1.68,282.7371
标准站,2022/10/10 10:00,0.5,19,50,11,6,73,15.3,34,1021.12,2.34,268.7927
标准站,2022/10/10 9:00,0.6,21,53,10,6,63,14.9,36,1021.53,1.19,276.7232
标准站,2022/10/10 8:00,0.6,26,51,11,7,54,13.8,42,1022.03,1.64,279.4577
标准站,2022/10/10 7:00,0.7,30,51,11,7,47,12.8,47,1022.27,1.75,269.2286
标准站,2022/10/10 6:00,0.6,30,49,10,6,45,11.9,53,1022.11,1.49,263.7659
标准站,2022/10/10 5:00,0.7,29,49,10,6,43,11.9,56,1021.7,1.57,266.2073
标准站,2022/10/10 4:00,0.7,26,46,9,6,48,12.4,55,1021.34,1.65,259.2707
标准站,2022/10/10 3:00,0.6,23,46,8,5,53,13,53,1021.13,1.09,270.5741
标准站,2022/10/10 2:00,0.6,22,42,9,5,56,13.4,51,1021.31,1.54,273.9331
标准站,2022/10/10 1:00,0.6,21,38,7,5,57,13.6,49,1021.5,1.68,268.2515
标准站,2022/10/10 0:00,0.5,21,37,6,5,57,13.6,50,1021.88,1.22,265.1892
标准站,2022/10/9 23:00,0.5,27,39,7,5,54,13.9,49,1022.08,0.79,278.7585
标准站,2022/10/9 22:00,0.5,25,40,6,6,60,14.6,45,1021.83,0.42,276.9411
标准站,2022/10/9 21:00,0.5,24,48,5,5,63,15.2,44,1021.52,0.35,287.4957
标准站,2022/10/9 20:00,0.6,23,53,7,5,65,15.9,45,1020.89,0.83,321.2699
标准站,2022/10/9 19:00,0.7,24,62,13,6,62,16.4,53,1020.12,0.85,340.0439
标准站,2022/10/9 18:00,0.7,22,50,21,5,70,17,58,1019.22,1.21,345.863
标准站,2022/10/9 17:00,0.8,25,45,25,4,77,18.3,70,1017.88,1.34,285.0102
标准站,2022/10/9 16:00,0.8,23,41,23,4,89,19.2,65,1017.26,1.4,280.3018
标准站,2022/10/9 15:00,0.9,21,50,26,5,95,19,67,1017.09,1.91,267.9723
标准站,2022/10/9 14:00,0.9,22,41,28,4,103,19.7,66,1016.66,1.4,277.2873
标准站,2022/10/9 13:00,0.8,18,37,16,5,111,19.9,63,1016.62,1.76,276.7165
标准站,2022/10/9 12:00,1.1,23,39,21,7,115,20.2,61,1017,2.13,265.7248
标准站,2022/10/9 11:00,1.3,32,39,24,8,102,19.4,63,1017.81,1.72,277.7186
标准站,2022/10/9 10:00,1.9,36,49,26,10,87,18.3,69,1018.44,1.39,269.3256
标准站,2022/10/9 9:00,1.8,41,44,29,9,68,17,77,1018.81,1.34,265.7544
标准站,2022/10/9 8:00,1.9,40,36,33,7,51,16.1,87,1018.69,1.29,264.5233
标准站,2022/10/9 7:00,1.2,41,32,37,4,32,14.6,98,1018.12,0.92,260.9496
标准站,2022/10/9 6:00,1,33,29,34,4,43,13.9,98,1017.87,0.75,251.4057
标准站,2022/10/9 5:00,0.9,31,31,33,4,46,13.6,98,1017.51,0.33,269.4207
标准站,2022/10/9 4:00,0.8,24,32,28,3,55,13.4,98,1017.09,0.22,222.5028
标准站,2022/10/9 3:00,0.8,36,30,35,4,48,13.7,98,1017.62,0.89,11.0419
标准站,2022/10/9 2:00,0.7,16,21,25,3,75,13.7,98,1018.07,0.34,353.8814
标准站,2022/10/9 1:00,0.7,13,19,18,3,81,13.7,98,1018.69,0.32,232.3353
标准站,2022/10/9 0:00,0.7,20,25,22,3,69,13.8,99,1018.84,1.12,212.6765
标准站,2022/10/8 23:00,0.7,24,24,26,3,57,14.3,99,1019.07,0.75,242.3051
标准站,2022/10/8 22:00,0.7,39,28,23,4,38,14.8,97,1019.13,0.71,227.6251
标准站,2022/10/8 21:00,0.7,41,29,23,4,34,15.1,96,1019.15,0.27,225.7356
标准站,2022/10/8 20:00,0.8,42,38,23,4,28,15.6,93,1019,0.35,248.0529
标准站,2022/10/8 19:00,0.8,37,39,22,4,42,15.7,91,1018.65,0.39,63.2306
标准站,2022/10/8 18:00,0.7,35,36,19,4,43,16.2,89,1018.26,0.68,52.4589
标准站,2022/10/8 17:00,0.7,32,34,14,4,52,17.2,80,1017.55,0.76,52.565
标准站,2022/10/8 16:00,0.7,25,37,13,5,84,18.1,67,1017.25,1.15,105.5179
标准站,2022/10/8 15:00,0.6,24,32,12,5,82,18.4,66,1017.17,0.87,137.7505
标准站,2022/10/8 14:00,0.6,19,31,10,5,90,18.4,65,1017.12,1.48,125.1619
标准站,2022/10/8 13:00,0.6,11,26,8,5,101,18.7,58,1017.48,2.06,102.6022
标准站,2022/10/8 12:00,0.6,10,25,8,5,101,18.9,58,1018.23,2.23,107.3852
标准站,2022/10/8 11:00,0.7,21,31,15,6,85,18.8,62,1019.33,1.87,102.8741
标准站,2022/10/8 10:00,0.8,28,38,20,6,70,17.7,73,1020.11,1.38,88.8736
标准站,2022/10/8 9:00,0.9,32,42,21,6,57,16.8,79,1020.71,1.07,75.0313
标准站,2022/10/8 8:00,0.8,29,38,23,6,54,16.2,81,1020.99,0.8,55.1874
标准站,2022/10/8 7:00,0.9,34,45,25,5,32,15.3,89,1020.61,0.6,61.1856
标准站,2022/10/8 6:00,1,41,39,28,5,13,14.7,91,1020.3,0.32,225.3456
标准站,2022/10/8 5:00,0.8,36,36,23,4,23,14.5,90,1020.11,0.32,184.6577
标准站,2022/10/8 4:00,0.8,31,43,21,4,30,14.7,87,1019.86,0.27,194.8581
标准站,2022/10/8 3:00,0.8,26,38,22,4,47,15.1,84,1019.95,0.7,10.9945
标准站,2022/10/8 2:00,0.9,24,34,18,4,44,14.9,85,1020.28,0.65,14.4162
标准站,2022/10/8 1:00,0.9,29,39,18,4,46,15.2,83,1020.8,0.8,16.2914
标准站,2022/10/8 0:00,0.8,36,43,19,4,38,15.2,83,1020.72,0.65,18.0279
标准站,2022/10/7 23:00,0.8,41,41,23,5,29,15.4,84,1020.55,1.14,18.7485
标准站,2022/10/7 22:00,0.8,43,42,25,5,29,15.6,82,1020.94,0.7,20.3907
标准站,2022/10/7 21:00,0.8,34,46,25,5,37,15.7,83,1021.04,0.63,33.0561
标准站,2022/10/7 20:00,0.8,39,45,23,5,32,15.7,84,1020.99,0.46,56.0667
标准站,2022/10/7 19:00,0.8,29,36,17,4,45,16,82,1020.82,0.87,43.5053
标准站,2022/10/7 18:00,0.7,24,39,14,5,53,16.2,81,1020.42,1.29,40.8531
标准站,2022/10/7 17:00,0.8,28,42,14,5,53,16.6,79,1020.02,0.9,57.1176
标准站,2022/10/7 16:00,0.9,25,41,19,7,66,16.9,77,1019.43,1.2,45.5999
标准站,2022/10/7 15:00,1,20,40,18,7,77,17.1,75,1019.29,1.4,39.0493
标准站,2022/10/7 14:00,0.9,19,38,21,6,77,17,76,1019.11,1.21,24.7553
标准站,2022/10/7 13:00,0.8,17,34,19,5,75,16.5,78,1019.39,1.4,27.2216
标准站,2022/10/7 12:00,0.7,17,34,24,4,75,16.3,80,1020.06,2,29.9066
标准站,2022/10/7 11:00,0.7,17,28,21,4,76,16.5,80,1020.66,1.55,19.4241
标准站,2022/10/7 10:00,0.7,19,33,22,4,67,15.8,86,1021.13,1.51,21.9943
标准站,2022/10/7 9:00,0.8,23,26,22,4,57,14.6,95,1021.34,1.52,22.0909
标准站,2022/10/7 8:00,0.8,26,21,20,4,61,13.6,90,1021.49,0.87,5.7369
标准站,2022/10/7 7:00,0.6,21,19,15,3,57,12.7,92,1021.39,1.26,11.209
标准站,2022/10/7 6:00,0.7,17,17,15,3,61,12.3,96,1021.07,1.74,14.9895
标准站,2022/10/7 5:00,0.6,12,14,11,3,69,12.3,97,1020.87,1.55,9.958
标准站,2022/10/7 4:00,0.8,12,14,12,3,70,12.4,98,1020.38,2.54,14.3445
标准站,2022/10/7 3:00,0.8,12,19,14,3,64,12.5,97,1020,1.73,12.7705
标准站,2022/10/7 2:00,0.7,12,17,15,3,63,12.6,94,1020.01,1.91,14.2756
标准站,2022/10/7 1:00,0.7,15,20,17,3,57,12.7,90,1020.23,1.31,5.9802
标准站,2022/10/7 0:00,1.2,16,19,18,4,60,12.5,93,1020.46,1.57,14.0862
标准站,2022/10/6 23:00,1.8,18,17,18,5,60,12.4,97,1020.47,2.4,19.3737
标准站,2022/10/6 22:00,2.1,20,19,20,5,59,12.5,98,1020.71,2.59,20.5145
标准站,2022/10/6 21:00,1,16,13,12,4,66,12.4,98,1020.44,2.59,21.033
标准站,2022/10/6 20:00,0.6,11,13,8,3,76,12.3,99,1020.22,2.52,29.0879
标准站,2022/10/6 19:00,0.8,11,12,7,3,72,12.9,98,1019.57,3.59,26.6448
标准站,2022/10/6 18:00,0.6,13,13,7,3,64,13.5,97,1018.67,3.33,24.1547
标准站,2022/10/6 17:00,0.6,16,18,9,4,57,13.8,96,1018.01,2.88,23.9039
标准站,2022/10/6 16:00,0.7,17,24,14,4,54,14.3,95,1017.48,2.51,29.9548
标准站,2022/10/6 15:00,0.8,20,24,15,4,55,14.5,94,1017.33,2.02,38.1584
标准站,2022/10/6 14:00,0.7,17,20,13,4,61,14.4,95,1017.5,2.19,31.0827
标准站,2022/10/6 13:00,0.6,19,13,11,3,58,14.6,94,1018.24,2.22,20.4355
标准站,2022/10/6 12:00,0.6,18,11,11,3,58,14.9,95,1018.5,1.87,21.3417
标准站,2022/10/6 11:00,0.6,14,17,9,4,66,15.9,91,1019.08,1.6,35.8612
标准站,2022/10/6 10:00,0.7,16,19,10,4,62,15.4,96,1019.68,1.27,38.7585
标准站,2022/10/6 9:00,0.7,14,20,8,4,63,14.7,92,1020.06,1.65,32.5304
标准站,2022/10/6 8:00,0.7,18,16,11,4,57,14,90,1020.18,1.87,35.8485
标准站,2022/10/6 7:00,0.6,17,14,11,3,55,13.4,94,1020.35,1.59,30.8931
标准站,2022/10/6 6:00,0.6,10,15,7,3,64,13.2,96,1019.89,1.79,31.1334
标准站,2022/10/6 5:00,0.5,8,11,5,3,72,13.1,98,1019.6,2.46,32.1267
标准站,2022/10/6 4:00,0.9,9,27,9,4,66,13.2,99,1019.29,2.71,27.8766
标准站,2022/10/6 3:00,1.2,14,28,21,4,52,13.5,98,1019.34,2.26,19.7794
标准站,2022/10/6 2:00,0.9,16,27,23,4,47,13.8,97,1019.43,2.05,14.1289
标准站,2022/10/6 1:00,0.8,13,18,16,4,52,13.7,97,1019.59,1.82,15.7672
标准站,2022/10/6 0:00,0.8,12,15,12,4,56,13.5,97,1020.17,1.49,18.4709
标准站,2022/10/5 23:00,0.9,13,16,12,5,56,13.1,97,1020.77,1.5,19.1357
标准站,2022/10/5 22:00,0.6,11,13,7,4,63,12.8,96,1021,1.72,24.0348
标准站,2022/10/5 21:00,1,13,9,7,4,64,12.5,96,1021.04,2.17,35.3045
标准站,2022/10/5 20:00,0.7,10,9,6,4,74,12.3,96,1021.26,2.3,42.2842
标准站,2022/10/5 19:00,1.5,18,22,12,5,62,12.3,96,1020.79,3.4,32.1739
标准站,2022/10/5 18:00,1.3,20,14,11,6,60,13.4,88,1020.37,3.91,28.9433
标准站,2022/10/5 17:00,0.7,14,20,8,5,68,13.7,86,1019.59,3.18,27.6426
标准站,2022/10/5 16:00,1,17,26,11,6,58,14.6,87,1018.96,3.67,29.0507
标准站,2022/10/5 15:00,0.8,18,40,12,4,52,15.2,90,1018.45,2.92,26.4615
标准站,2022/10/5 14:00,0.8,20,43,17,5,49,16.2,85,1017.91,2.34,24.1272
标准站,2022/10/5 13:00,0.6,15,43,13,4,62,17.4,74,1018.06,2.56,32.0596
标准站,2022/10/5 12:00,0.6,11,42,12,5,69,17.9,71,1018.41,2.61,33.0047
标准站,2022/10/5 11:00,0.7,12,33,12,5,71,18.1,70,1019.24,2.44,32.5652
标准站,2022/10/5 10:00,0.7,12,37,12,6,70,17.6,70,1019.78,2.65,47.1474
标准站,2022/10/5 9:00,0.8,15,37,11,7,63,17,72,1020.32,3.17,41.0719
标准站,2022/10/5 8:00,0.9,21,32,12,7,49,16.4,77,1020.86,2.75,34.3542
标准站,2022/10/5 7:00,0.6,18,28,10,4,48,15.9,78,1020.91,1.97,20.7804
标准站,2022/10/5 6:00,0.5,15,34,10,4,51,15.6,79,1020.38,2.11,18.7253
标准站,2022/10/5 5:00,0.5,15,38,10,4,50,15.7,79,1020.07,1.59,16.6702
标准站,2022/10/5 4:00,0.5,15,91,10,4,51,15.7,78,1019.57,1.88,18.4569
标准站,2022/10/5 3:00,0.5,16,80,10,4,52,15.8,77,1019.52,1.64,13.5836
标准站,2022/10/5 2:00,0.5,17,30,9,4,53,15.9,78,1019.44,1.55,14.5558
标准站,2022/10/5 1:00,0.5,16,27,10,4,60,15.9,79,1019.78,0.99,10.8831
标准站,2022/10/5 0:00,0.5,16,22,11,4,50,15.7,81,1019.9,1.57,9.9256
标准站,2022/10/4 23:00,0.5,13,27,11,3,54,15.7,81,1020.34,2.02,17.5121
标准站,2022/10/4 22:00,0.7,13,20,8,4,60,16.2,77,1020.67,2.67,24.4153
标准站,2022/10/4 21:00,0.7,13,32,8,4,62,16.6,74,1020.37,3.45,24.366
标准站,2022/10/4 20:00,0.6,12,34,10,4,59,17,74,1020.23,3.13,25.3298
标准站,2022/10/4 19:00,0.6,13,32,11,4,56,16.9,79,1019.86,3.25,22.931
标准站,2022/10/4 18:00,0.6,14,32,11,3,52,16.5,86,1019.67,2.64,23.6565
标准站,2022/10/4 17:00,0.6,12,24,11,3,52,16.2,92,1019.16,2.83,29.4345
标准站,2022/10/4 16:00,0.6,14,27,9,3,48,16.7,91,1018.38,3.26,20.964
标准站,2022/10/4 15:00,0.7,12,21,10,3,49,17.6,88,1017.52,3.64,24.8572
标准站,2022/10/4 14:00,0.7,11,21,9,3,48,18,90,1017.26,3.42,21.5697
标准站,2022/10/4 13:00,0.6,9,12,9,3,49,18.8,88,1016.84,3.61,17.1005
标准站,2022/10/4 12:00,0.7,8,17,7,3,50,19.1,90,1016.91,4,24.6436
标准站,2022/10/4 11:00,0.9,11,17,9,4,43,19.7,88,1016.52,4.05,24.1041
标准站,2022/10/4 10:00,0.8,10,19,8,3,38,19.8,90,1016.29,4.22,23.6882
标准站,2022/10/4 9:00,0.8,8,18,8,3,37,20.6,90,1015.62,3.96,21.7318
标准站,2022/10/4 8:00,0.9,6,16,9,4,38,21.4,88,1014.6,4.69,25.4146
标准站,2022/10/4 7:00,1,6,21,9,4,34,22,87,1013.86,3.98,25.2748
标准站,2022/10/4 6:00,1.1,6,33,10,5,29,22.6,86,1012.47,3.99,27.5575
标准站,2022/10/4 5:00,1.2,3,36,17,3,44,23.2,89,1011.35,4.4,23.8402
标准站,2022/10/4 4:00,0.8,2,63,11,3,66,24.9,90,1009.88,3.1,12.2466
标准站,2022/10/4 3:00,1,10,69,35,5,77,27.6,83,1008.28,2.2,5.6803
标准站,2022/10/4 2:00,0.9,32,52,32,6,31,28.5,81,1007.17,0.59,256.3188
标准站,2022/10/4 1:00,0.9,30,54,31,5,28,28.3,82,1006.5,0.78,219.6465
标准站,2022/10/4 0:00,0.9,27,55,26,5,40,28.3,82,1006.34,1.06,218.2644
标准站,2022/10/3 23:00,0.9,35,53,26,5,43,28.2,82,1006.18,1.46,212.9195
标准站,2022/10/3 22:00,0.9,26,54,26,5,72,28.7,79,1006.34,1.52,205.0448
标准站,2022/10/3 21:00,0.9,18,59,30,5,106,29.5,74,1006.45,1.66,179.8999
标准站,2022/10/3 20:00,0.9,17,75,29,5,123,30.3,72,1006.33,2.59,183.9186
标准站,2022/10/3 19:00,1,37,87,38,6,91,31.6,65,1005.9,2.28,172.9456
标准站,2022/10/3 18:00,1,56,66,52,6,78,33.8,52,1005.25,0.61,211.0584
标准站,2022/10/3 17:00,0.9,34,43,24,6,115,34.8,49,1004.64,0.9,245.1878
标准站,2022/10/3 16:00,0.8,12,42,21,5,150,35.5,46,1004.32,1.93,233.0836
标准站,2022/10/3 15:00,0.7,7,35,23,5,151,36.1,43,1004.25,2.32,223.2872
标准站,2022/10/3 14:00,0.7,6,33,21,6,146,36,43,1004.35,2.98,233.5577
标准站,2022/10/3 13:00,0.7,6,33,23,6,138,35.8,43,1004.72,3.29,229.4362
标准站,2022/10/3 12:00,0.7,6,41,24,6,130,35.7,44,1005.51,2.75,229.4327
标准站,2022/10/3 11:00,0.8,14,53,32,8,149,34.7,50,1006.65,2.52,233.2862
标准站,2022/10/3 10:00,0.9,24,57,36,12,135,33.1,58,1007.79,2.31,217.1024
标准站,2022/10/3 9:00,0.8,20,47,31,8,89,31.1,66,1008.42,2.4,205.0817
标准站,2022/10/3 8:00,0.8,21,36,23,5,41,28.8,77,1008.59,2.91,197.5878
标准站,2022/10/3 7:00,0.8,17,37,21,5,23,26.9,87,1008.42,1.98,204.5934
标准站,2022/10/3 6:00,0.8,20,34,21,5,15,25.5,92,1007.86,1.88,203.3346
标准站,2022/10/3 5:00,0.8,18,30,17,5,15,25.1,93,1007.34,1.8,202.006
标准站,2022/10/3 4:00,0.8,21,34,16,5,13,25.4,93,1007.15,1.2,209.6066
标准站,2022/10/3 3:00,0.8,17,30,15,5,20,25.6,92,1007.1,1.73,193.6824
标准站,2022/10/3 2:00,0.8,15,33,16,5,23,25.9,91,1007.3,1.61,182.1171
标准站,2022/10/3 1:00,0.8,15,38,17,5,26,26.1,90,1007.46,1.55,178.6017
标准站,2022/10/3 0:00,0.8,17,36,19,5,29,26.4,89,1007.6,1.63,173.6062
标准站,2022/10/2 23:00,0.8,20,37,19,4,36,26.9,86,1007.89,1.61,154.967
标准站,2022/10/2 22:00,0.8,18,32,18,4,50,27.4,83,1007.99,1.88,138.5789
标准站,2022/10/2 21:00,0.8,17,39,18,4,69,27.9,79,1008,1.77,158.4564
标准站,2022/10/2 20:00,0.8,16,48,22,4,94,28.5,75,1007.62,1.47,163.1142
标准站,2022/10/2 19:00,0.8,18,52,25,5,113,29.4,70,1007.02,1.82,165.353
标准站,2022/10/2 18:00,0.8,17,60,25,5,136,30.1,68,1006.27,2.18,171.4472
标准站,2022/10/2 17:00,0.8,16,64,25,5,161,31.6,64,1005.84,2.81,165.4487
标准站,2022/10/2 16:00,0.8,15,66,28,5,192,33.6,56,1005.46,2.33,165.2893
标准站,2022/10/2 15:00,0.8,12,65,31,6,218,34.5,52,1005.12,2.77,166.3038
标准站,2022/10/2 14:00,0.8,10,57,31,6,210,34.9,51,1005,2.61,158.2438
标准站,2022/10/2 13:00,0.8,10,58,29,7,195,34.7,51,1005.41,2.47,182.7673
标准站,2022/10/2 12:00,0.8,10,54,29,8,176,33.9,53,1006.05,2.71,197.7859
标准站,2022/10/2 11:00,0.8,13,47,28,8,141,32.8,55,1007.05,2.45,205.7042
标准站,2022/10/2 10:00,0.8,17,42,23,6,93,31.2,60,1007.94,2.43,194.9558
标准站,2022/10/2 9:00,0.7,20,34,20,5,48,29.3,68,1008.45,2.61,199.3602
标准站,2022/10/2 8:00,0.7,16,28,16,6,31,27.4,75,1008.67,2.82,202.6934
标准站,2022/10/2 7:00,0.8,16,30,16,6,20,25.6,85,1008.66,2.04,195.0976
标准站,2022/10/2 6:00,0.8,21,30,19,5,11,24.2,93,1008.24,1.52,203.9002
标准站,2022/10/2 5:00,0.7,16,32,17,4,14,24,94,1007.64,1.48,186.0747
标准站,2022/10/2 4:00,0.7,14,31,18,5,18,24.3,94,1007.27,1.55,184.0651
标准站,2022/10/2 3:00,0.7,15,33,18,5,19,24.4,94,1007.13,1.78,182.5136
标准站,2022/10/2 2:00,0.7,15,30,16,4,23,24.8,93,1007.32,1.85,182.2823
标准站,2022/10/2 1:00,0.7,15,24,16,4,27,25.2,92,1007.48,1.83,179.6253
标准站,2022/10/2 0:00,0.7,13,25,17,4,35,25.7,90,1007.76,1.97,188.3077
标准站,2022/10/1 23:00,0.7,14,32,18,4,49,25.8,90,1008,1.85,178.7088
标准站,2022/10/1 22:00,0.7,13,33,19,4,70,26.1,87,1008.24,1.93,163.7128
标准站,2022/10/1 21:00,0.8,13,40,20,5,85,26.4,85,1008.5,2.03,161.7806
标准站,2022/10/1 20:00,0.9,30,46,23,6,52,26.7,86,1008.69,2.16,157.867
标准站,2022/10/1 19:00,1.4,37,42,24,8,32,26.8,88,1008.59,2.07,121.188
标准站,2022/10/1 18:00,1.2,27,48,24,8,59,27.6,84,1008.39,2.61,109.4475
标准站,2022/10/1 17:00,1.1,20,51,25,7,99,29,80,1008.23,2.76,94.2176
标准站,2022/10/1 16:00,1.1,17,51,28,5,164,31.2,70,1007.84,2.44,125.0466
标准站,2022/10/1 15:00,0.9,11,49,27,5,189,31.5,66,1007.96,2.59,136.3458
标准站,2022/10/1 14:00,0.8,11,44,27,5,172,31.1,69,1008.14,2.84,150.9264
标准站,2022/10/1 13:00,0.9,15,51,29,5,140,30.6,72,1008.68,2.42,152.8461
标准站,2022/10/1 12:00,0.9,15,47,25,5,118,29.8,75,1009.53,2.62,167.0247
标准站,2022/10/1 11:00,1,14,37,24,5,84,28.2,82,1010.42,2.11,116.3125
标准站,2022/10/1 10:00,0.9,16,39,26,5,59,26.6,88,1011.08,2.49,104.9717
标准站,2022/10/1 9:00,0.9,18,38,26,5,41,25.2,94,1011.46,2.35,101.0844
标准站,2022/10/1 8:00,1,20,38,23,5,29,24.4,97,1011.42,2.28,110.8465
标准站,2022/10/1 7:00,0.8,20,37,25,4,21,23.9,94,1011.14,1.4,94.3158
标准站,2022/10/1 6:00,0.8,22,36,27,4,17,23.5,95,1010.6,1.04,97.6439
标准站,2022/10/1 5:00,0.8,23,34,26,4,18,23.2,95,1010.25,1.11,105.1261
标准站,2022/10/1 4:00,0.8,34,36,26,4,10,23,96,1009.97,0.93,80.3014
标准站,2022/10/1 3:00,0.8,42,35,25,4,7,22.8,96,1009.73,0.85,105.7291
标准站,2022/10/1 2:00,0.9,48,43,23,4,4,22.7,97,1009.7,1.1,114.4269
标准站,2022/10/1 1:00,0.9,53,45,20,4,3,22.3,98,1009.78,1.47,95.9791
标准站,2022/10/1 0:00,0.9,52,44,16,4,2,22,98,1010.15,1.25,92.0241
标准站,2022/9/30 23:00,0.9,49,38,16,4,2,22,99,1010.5,0.82,65.6913
标准站,2022/9/30 22:00,0.9,56,41,22,5,3,22.6,98,1010.54,0.93,109.8184
标准站,2022/9/30 21:00,0.9,57,35,21,5,6,22.7,97,1010.66,1.02,122.1716
标准站,2022/9/30 20:00,0.9,52,33,18,6,15,22.9,96,1010.5,1.39,119.195
标准站,2022/9/30 19:00,0.9,42,35,17,5,31,23.2,95,1010.32,2.06,100.2222
标准站,2022/9/30 18:00,0.8,41,46,18,5,37,23.8,92,1009.89,2.5,90.826
标准站,2022/9/30 17:00,0.9,41,51,18,5,41,24.5,88,1009.49,2.29,98.3602
标准站,2022/9/30 16:00,0.9,41,46,16,4,48,25.2,84,1009.37,2.62,108.7709
标准站,2022/9/30 15:00,0.8,34,43,15,4,55,25.1,84,1009.4,2.83,103.0703
标准站,2022/9/30 14:00,0.8,31,45,14,4,57,25.1,83,1009.39,2.65,103.4953
标准站,2022/9/30 13:00,0.8,32,40,11,4,52,24.9,84,1009.64,2.7,92.5302
标准站,2022/9/30 12:00,0.8,35,38,10,4,45,24.3,85,1010.3,2.27,94.7873
标准站,2022/9/30 11:00,0.8,38,33,11,4,41,24,86,1010.81,2.1,131.7124
标准站,2022/9/30 10:00,0.8,38,29,8,4,38,23.4,88,1011.41,2.15,155.4554
标准站,2022/9/30 9:00,1,39,20,7,4,33,22.8,90,1011.86,2,132.0622
标准站,2022/9/30 8:00,0.9,34,19,8,4,34,22.4,92,1011.58,2.24,112.9184
标准站,2022/9/30 7:00,0.8,43,26,12,5,18,21.7,96,1011.33,2.01,107.9408
标准站,2022/9/30 6:00,0.8,49,23,16,5,8,21,99,1011.03,1.84,98.9498
标准站,2022/9/30 5:00,0.8,55,26,18,5,4,20.7,99,1010.8,1.67,95.5357
标准站,2022/9/30 4:00,0.8,52,28,19,5,4,20.8,99,1010.59,1.71,87.3304
标准站,2022/9/30 3:00,0.8,41,31,22,5,12,21,98,1010.67,1.3,96.0949
标准站,2022/9/30 2:00,0.8,38,26,18,4,16,21.3,97,1010.89,0.88,94.4736

